профессия;опыт работы;Регион_1;Регион_2;Регион_3;Регион_4;Регион_5;Регион_6;Регион_7;Регион_8;Регион_9;Регион_10;Регион_11;Регион_12;Регион_13;Регион_14;Регион_15;Регион_16;Регион_17;Регион_18;Регион_19;Регион_20;Регион_21;Регион_22;Регион_23;Регион_24;Регион_25;Регион_26;Регион_27;Регион_28;Регион_29;Регион_30;Регион_31;Регион_32;Регион_33;Регион_34;Регион_35;Регион_36;Регион_37;Регион_38;Регион_39;Регион_40;Регион_41;Регион_42;Регион_43;Регион_44;Регион_45;Регион_46;Регион_47;Регион_48;Регион_49;Регион_50;Регион_51;Регион_52;Регион_53;Регион_54;Регион_55;Регион_56;Регион_57;Регион_58;Регион_59;Регион_60;Регион_61;Регион_62;Регион_63;Регион_64;Регион_65;Регион_66;Регион_67;Регион_68;Регион_69;Регион_70;Регион_71;Регион_72;Регион_73;Регион_74;Регион_75;Регион_76;Регион_77;Регион_78;Регион_79;Регион_80;Регион_81;Регион_82;Регион_83;Регион_84;Регион_85;Регион_86;Регион_87;Регион_88;Регион_89;Регион_90;Регион_91;Регион_92;Регион_93;Регион_94;Регион_95;Регион_96;Регион_97;Регион_98;Регион_99;Регион_100;Регион_101;Регион_102;Регион_103;Регион_104;Регион_105;Регион_106;Регион_107;Регион_108;Регион_109;Регион_110;Регион_111;Регион_112;Регион_113;Регион_114;Регион_115;Регион_116;Регион_117;Регион_118;Регион_119;Регион_120;Регион_121;Регион_122;Регион_123;Регион_124;Регион_125;Регион_126;Регион_127;Регион_128;Регион_129;Регион_130;Регион_131;Регион_132;Регион_133;Регион_134;Регион_135;Регион_136;Регион_137;Регион_138;Регион_139;Регион_140;Регион_141;Регион_142;Регион_143;Регион_144;Регион_145;Регион_146;Регион_147;Регион_148;Регион_149;Регион_150;Регион_151;Регион_152;Регион_153;Регион_154;Регион_155;Регион_156;Регион_157;Регион_158;Регион_159;Регион_160;Регион_161;Регион_162;Регион_163;Регион_164;Регион_165;Регион_166;Регион_167;Регион_168;Регион_169;Регион_170;Регион_171;Регион_172;Регион_173;Регион_174;Регион_175;Регион_176;Регион_177;Регион_178;Регион_179;Регион_180;Регион_181;Регион_182;Регион_183;Регион_184;Регион_185;Регион_186;Регион_187;Регион_188;Регион_189;Регион_190;Регион_191;Регион_192;Регион_193;Регион_194;Регион_195;Регион_196;Регион_197;Регион_198;Регион_199;Регион_200;Регион_201;Регион_202;Регион_203;Регион_204;Регион_205;Регион_206;Регион_207;Регион_208;Регион_209;Регион_210;Регион_211;Регион_212;Регион_213;Регион_214;Регион_215;Регион_216;Регион_217;Регион_218;Регион_219;Регион_220;Регион_221;Регион_222;Регион_223;Регион_224;Регион_225;Регион_226;Регион_227;Регион_228;Регион_229;Регион_230;Регион_231;Регион_232;Регион_233;Регион_234;Регион_235;Регион_236;Регион_237;Регион_238;Регион_239;Регион_240;Регион_241;Регион_242;Регион_243;Регион_244;Регион_245;Регион_246;Регион_247;Регион_248;Регион_249;Регион_250;Регион_251;Регион_252;Регион_253;Регион_254;Регион_255;Регион_256;Регион_257;Регион_258;Регион_259;Регион_260;Регион_261;Регион_262;Регион_263;Регион_264;Регион_265;Регион_266;Регион_267;Регион_268;Регион_269;Регион_270;Регион_271;Регион_272;Регион_273;Регион_274;Регион_275;Регион_276;Регион_277;Регион_278;Регион_279;Регион_280;Регион_281;Регион_282;Регион_283;Регион_284;Регион_285;Регион_286;Регион_287;Регион_288;Регион_289;Регион_290;Регион_291;Регион_292;Регион_293;Регион_294;Регион_295;Регион_296;Регион_297;Регион_298;Регион_299;Регион_300;Регион_301;Регион_302;Регион_303;Регион_304;Регион_305;Регион_306;Регион_307;Регион_308;Регион_309;Регион_310;Регион_311;Регион_312;Регион_313;Регион_314;Регион_315;Регион_316;Регион_317;Регион_318;Регион_319;Регион_320;Регион_321;Регион_322;Регион_323;Регион_324;Регион_325;Регион_326;Регион_327;Регион_328;Регион_329;Регион_330;Регион_331;Регион_332;Регион_333;Регион_334;Регион_335;Регион_336;Регион_337;Регион_338;Регион_339;Регион_340;Регион_341;Регион_342;Регион_343;Регион_344;Регион_345;Регион_346;Регион_347;Регион_348;Регион_349;Регион_350;Регион_351;Регион_352;Регион_353;Регион_354;Регион_355;Регион_356
Слесарь-механик;0;Костромская область;Ханты-Мансийский автономный округ — Югра;Саратовская область;Забайкальский край;Брянская область;Республика Башкортостан;Чувашская Республика;Новосибирская область;Республика Алтай;Республика Коми;Республика Северная Осетия;Удмуртская Республика;Владимирская область;Курганская область;Ульяновская область;Ненецкий автономный округ;Республика Калмыкия;Республика Адыгея;Еврейская автономная область;Псковская область;Чукотский автономный округ;Республика Мордовия;Камчатский край;Город федерального значения Москва;Ямало-Ненецкий автономный округ;Калининградская область;Оренбургская область;Московская область;Омская область;Волгоградская область;Вологодская область;Новгородская область;Смоленская область;Нижегородская область;Республика Ингушетия;Республика Бурятия;Тюменская область;Карачаево-Черкесская Республика;Рязанская область;Астраханская область;Ивановская область;Ростовская область;Архангельская область;Кировская область;Ленинградская область;Челябинская область;Липецкая область;Белгородская область;Республика Тыва;Республика Саха (Якутия);Хабаровский край;Республика Марий Эл;Чеченская Республика;Приморский край;Тамбовская область;Алтайский край;Республика Карелия;Иркутская область;Тульская область;Воронежская область;Ярославская область;Томская область;Республика Крым;Амурская область;Курская область;Кабардино-Балкарская Республика;Тверская область;Сахалинская область;Орловская область;Пермский край;Мурманская область;Кемеровская область;Пензенская область;Республика Дагестан;Самарская область;Красноярский край;Республика Хакасия;Свердловская область;Краснодарский край;Калужская область;Республика Татарстан;Ставропольский край;;;;;;;;;;;;;;;;;;;;;;;;;;;;;;;;;;;;;;;;;;;;;;;;;;;;;;;;;;;;;;;;;;;;;;;;;;;;;;;;;;;;;;;;;;;;;;;;;;;;;;;;;;;;;;;;;;;;;;;;;;;;;;;;;;;;;;;;;;;;;;;;;;;;;;;;;;;;;;;;;;;;;;;;;;;;;;;;;;;;;;;;;;;;;;;;;;;;;;;;;;;;;;;;;;;;;;;;;;;;;;;;;;;;;;;;;;;;;;;;;;;;;;;;;;;;;;;;;;;;;;;;;;;;;;;;;;
Слесарь-механик;2,3;Костромская область;Ярославская область;Оренбургская область;Республика Крым;Ханты-Мансийский автономный округ — Югра;Тульская область;Томская область;Брянская область;Республика Башкортостан;Чувашская Республика;Новосибирская область;Удмуртская Республика;Республика Саха (Якутия);Республика Бурятия;Карачаево-Черкесская Республика;Курганская область;Ульяновская область;Ненецкий автономный округ;Хабаровский край;Курская область;Республика Адыгея;Псковская область;Республика Мордовия;Камчатский край;Город федерального значения Москва;Ямало-Ненецкий автономный округ;Алтайский край;Ивановская область;Ленинградская область;Самарская область;Саратовская область;Воронежская область;Волгоградская область;Республика Северная Осетия;Мурманская область;Владимирская область;Тюменская область;Рязанская область;Республика Калмыкия;Астраханская область;Еврейская автономная область;Ростовская область;Московская область;Кабардино-Балкарская Республика;Приморский край;Республика Марий Эл;Нижегородская область;Чеченская Республика;Сахалинская область;Амурская область;Вологодская область;Новгородская область;Республика Алтай;Смоленская область;Республика Дагестан;Республика Тыва;Республика Ингушетия;Омская область;Забайкальский край;Кировская область;Тамбовская область;Архангельская область;Пензенская область;Белгородская область;Кемеровская область;Республика Татарстан;Свердловская область;Калужская область;Пермский край;Республика Хакасия;Красноярский край;Тверская область;Орловская область;Ставропольский край;Краснодарский край;Иркутская область;Республика Коми;Республика Карелия;Чукотский автономный округ;Липецкая область;Калининградская область;Челябинская область;;;;;;;;;;;;;;;;;;;;;;;;;;;;;;;;;;;;;;;;;;;;;;;;;;;;;;;;;;;;;;;;;;;;;;;;;;;;;;;;;;;;;;;;;;;;;;;;;;;;;;;;;;;;;;;;;;;;;;;;;;;;;;;;;;;;;;;;;;;;;;;;;;;;;;;;;;;;;;;;;;;;;;;;;;;;;;;;;;;;;;;;;;;;;;;;;;;;;;;;;;;;;;;;;;;;;;;;;;;;;;;;;;;;;;;;;;;;;;;;;;;;;;;;;;;;;;;;;;;;;;;;;;;;;;;;;;
Слесарь-механик;1;Оренбургская область;Ярославская область;Смоленская область;Республика Карелия;Республика Бурятия;Ульяновская область;Республика Калмыкия;Республика Адыгея;Ямало-Ненецкий автономный округ;Костромская область;Тульская область;Брянская область;Республика Башкортостан;Республика Коми;Республика Саха (Якутия);Курганская область;Волгоградская область;Чувашская Республика;Новгородская область;Тюменская область;Сахалинская область;Ростовская область;Орловская область;Московская область;Приморский край;Удмуртская Республика;Новосибирская область;Забайкальский край;Томская область;Мурманская область;Саратовская область;Республика Алтай;Республика Северная Осетия;Хабаровский край;Курская область;Астраханская область;Белгородская область;Ханты-Мансийский автономный округ — Югра;Республика Тыва;Республика Ингушетия;Карачаево-Черкесская Республика;Ненецкий автономный округ;Еврейская автономная область;Псковская область;Чукотский автономный округ;Республика Мордовия;Камчатский край;Город федерального значения Москва;Кемеровская область;Ивановская область;Нижегородская область;Омская область;Архангельская область;Липецкая область;Калининградская область;Воронежская область;Тамбовская область;Владимирская область;Самарская область;Республика Крым;Кабардино-Балкарская Республика;Ленинградская область;Тверская область;Иркутская область;Кировская область;Вологодская область;Рязанская область;Республика Дагестан;Свердловская область;Пермский край;Алтайский край;Республика Хакасия;Челябинская область;Красноярский край;Ставропольский край;Республика Марий Эл;Чеченская Республика;Краснодарский край;Пензенская область;Амурская область;Калужская область;Республика Татарстан;;;;;;;;;;;;;;;;;;;;;;;;;;;;;;;;;;;;;;;;;;;;;;;;;;;;;;;;;;;;;;;;;;;;;;;;;;;;;;;;;;;;;;;;;;;;;;;;;;;;;;;;;;;;;;;;;;;;;;;;;;;;;;;;;;;;;;;;;;;;;;;;;;;;;;;;;;;;;;;;;;;;;;;;;;;;;;;;;;;;;;;;;;;;;;;;;;;;;;;;;;;;;;;;;;;;;;;;;;;;;;;;;;;;;;;;;;;;;;;;;;;;;;;;;;;;;;;;;;;;;;;;;;;;;;;;;;
Медсестра;2,3;Ярославская область;Костромская область;Оренбургская область;Волгоградская область;Республика Калмыкия;Кабардино-Балкарская Республика;Владимирская область;Воронежская область;Республика Алтай;Тульская область;Карачаево-Черкесская Республика;Смоленская область;Республика Бурятия;Новгородская область;Саратовская область;Рязанская область;Тюменская область;Калининградская область;Курская область;Ханты-Мансийский автономный округ — Югра;Ульяновская область;Ямало-Ненецкий автономный округ;Чувашская Республика;Республика Башкортостан;Хабаровский край;Республика Карелия;Магаданская область;Ненецкий автономный округ;Чукотский автономный округ;Псковская область;Республика Мордовия;Город федерального значения Москва;Еврейская автономная область;Ростовская область;Омская область;Республика Саха (Якутия);Томская область;Новосибирская область;Забайкальский край;Алтайский край;Брянская область;Республика Северная Осетия;Камчатский край;Республика Крым;Московская область;Ивановская область;Тверская область;Нижегородская область;Ленинградская область;Мурманская область;Республика Тыва;Сахалинская область;Орловская область;Приморский край;Красноярский край;Республика Хакасия;Курганская область;Тамбовская область;Удмуртская Республика;Иркутская область;Республика Адыгея;Вологодская область;Самарская область;Свердловская область;Республика Марий Эл;Кемеровская область;Пермский край;Астраханская область;Липецкая область;Кировская область;Пензенская область;Калужская область;Республика Ингушетия;Республика Татарстан;Архангельская область;Челябинская область;Чеченская Республика;Республика Коми;Республика Дагестан;Амурская область;Краснодарский край;Ставропольский край;Белгородская область;;;;;;;;;;;;;;;;;;;;;;;;;;;;;;;;;;;;;;;;;;;;;;;;;;;;;;;;;;;;;;;;;;;;;;;;;;;;;;;;;;;;;;;;;;;;;;;;;;;;;;;;;;;;;;;;;;;;;;;;;;;;;;;;;;;;;;;;;;;;;;;;;;;;;;;;;;;;;;;;;;;;;;;;;;;;;;;;;;;;;;;;;;;;;;;;;;;;;;;;;;;;;;;;;;;;;;;;;;;;;;;;;;;;;;;;;;;;;;;;;;;;;;;;;;;;;;;;;;;;;;;;;;;;;;;;;
Медсестра;1;Ярославская область;Костромская область;Оренбургская область;Воронежская область;Республика Северная Осетия;Чувашская Республика;Волгоградская область;Республика Бурятия;Республика Башкортостан;Новосибирская область;Ростовская область;Республика Калмыкия;Московская область;Ненецкий автономный округ;Тверская область;Удмуртская Республика;Республика Адыгея;Забайкальский край;Иркутская область;Курская область;Владимирская область;Республика Хакасия;Карачаево-Черкесская Республика;Хабаровский край;Республика Карелия;Приморский край;Республика Крым;Архангельская область;Орловская область;Ивановская область;Ленинградская область;Новгородская область;Ханты-Мансийский автономный округ — Югра;Псковская область;Республика Мордовия;Город федерального значения Москва;Еврейская автономная область;Кемеровская область;Алтайский край;Нижегородская область;Республика Саха (Якутия);Саратовская область;Республика Алтай;Тульская область;Магаданская область;Чукотский автономный округ;Тюменская область;Ульяновская область;Омская область;Свердловская область;Калининградская область;Астраханская область;Вологодская область;Тамбовская область;Курганская область;Камчатский край;Смоленская область;Ямало-Ненецкий автономный округ;Томская область;Пензенская область;Республика Тыва;Брянская область;Республика Ингушетия;Сахалинская область;Белгородская область;Кабардино-Балкарская Республика;Красноярский край;Самарская область;Липецкая область;Рязанская область;Пермский край;Амурская область;Кировская область;Чеченская Республика;Краснодарский край;Калужская область;Мурманская область;Республика Татарстан;Ставропольский край;Республика Марий Эл;Республика Дагестан;Челябинская область;Республика Коми;;;;;;;;;;;;;;;;;;;;;;;;;;;;;;;;;;;;;;;;;;;;;;;;;;;;;;;;;;;;;;;;;;;;;;;;;;;;;;;;;;;;;;;;;;;;;;;;;;;;;;;;;;;;;;;;;;;;;;;;;;;;;;;;;;;;;;;;;;;;;;;;;;;;;;;;;;;;;;;;;;;;;;;;;;;;;;;;;;;;;;;;;;;;;;;;;;;;;;;;;;;;;;;;;;;;;;;;;;;;;;;;;;;;;;;;;;;;;;;;;;;;;;;;;;;;;;;;;;;;;;;;;;;;;;;;;
Медсестра;0;Волгоградская область;Костромская область;Оренбургская область;Ростовская область;Воронежская область;Приморский край;Самарская область;Ярославская область;Пензенская область;Республика Крым;Орловская область;Карачаево-Черкесская Республика;Ивановская область;Омская область;Ленинградская область;Алтайский край;Брянская область;Республика Калмыкия;Сахалинская область;Московская область;Псковская область;Еврейская автономная область;Архангельская область;Вологодская область;Рязанская область;Тюменская область;Республика Северная Осетия;Калининградская область;Чувашская Республика;Кабардино-Балкарская Республика;Республика Алтай;Мурманская область;Новгородская область;Саратовская область;Курганская область;Республика Карелия;Кировская область;Республика Саха (Якутия);Камчатский край;Республика Мордовия;Тульская область;Астраханская область;Иркутская область;Тамбовская область;Удмуртская Республика;Республика Бурятия;Владимирская область;Ненецкий автономный округ;Чукотский автономный округ;Забайкальский край;Новосибирская область;Республика Дагестан;Кемеровская область;Смоленская область;Республика Ингушетия;Курская область;Тверская область;Нижегородская область;Пермский край;Ульяновская область;Ханты-Мансийский автономный округ — Югра;Магаданская область;Город федерального значения Москва;Свердловская область;Красноярский край;Краснодарский край;Республика Адыгея;Ямало-Ненецкий автономный округ;Чеченская Республика;Амурская область;Республика Татарстан;Республика Башкортостан;Хабаровский край;Республика Коми;Калужская область;Ставропольский край;Липецкая область;Республика Тыва;Белгородская область;Республика Хакасия;Томская область;Республика Марий Эл;Челябинская область;;;;;;;;;;;;;;;;;;;;;;;;;;;;;;;;;;;;;;;;;;;;;;;;;;;;;;;;;;;;;;;;;;;;;;;;;;;;;;;;;;;;;;;;;;;;;;;;;;;;;;;;;;;;;;;;;;;;;;;;;;;;;;;;;;;;;;;;;;;;;;;;;;;;;;;;;;;;;;;;;;;;;;;;;;;;;;;;;;;;;;;;;;;;;;;;;;;;;;;;;;;;;;;;;;;;;;;;;;;;;;;;;;;;;;;;;;;;;;;;;;;;;;;;;;;;;;;;;;;;;;;;;;;;;;;;;
Слесарь-инструментальщик;1;Ставропольский край;Кемеровская область;Чеченская Республика;Белгородская область;Липецкая область;Алтайский край;Приморский край;Волгоградская область;Калининградская область;Республика Марий Эл;Республика Адыгея;Рязанская область;Республика Северная Осетия;Ненецкий автономный округ;Тюменская область;Владимирская область;Республика Калмыкия;Новгородская область;Томская область;Республика Бурятия;Тульская область;Чувашская Республика;Ханты-Мансийский автономный округ — Югра;Псковская область;Саратовская область;Курганская область;Астраханская область;Хабаровский край;Республика Карелия;Курская область;Оренбургская область;Челябинская область;Вологодская область;Пензенская область;Ярославская область;Сахалинская область;Кировская область;Удмуртская Республика;Республика Крым;Ивановская область;Архангельская область;Свердловская область;Самарская область;Костромская область;Брянская область;Забайкальский край;Республика Тыва;Тамбовская область;Омская область;Нижегородская область;Ростовская область;Новосибирская область;Республика Алтай;Ленинградская область;Республика Башкортостан;Пермский край;Московская область;Краснодарский край;Красноярский край;Калужская область;Орловская область;Республика Хакасия;Кабардино-Балкарская Республика;Ульяновская область;Республика Дагестан;Воронежская область;Иркутская область;Республика Коми;Тверская область;Республика Татарстан;Мурманская область;Амурская область;;;;;;;;;;;;;;;;;;;;;;;;;;;;;;;;;;;;;;;;;;;;;;;;;;;;;;;;;;;;;;;;;;;;;;;;;;;;;;;;;;;;;;;;;;;;;;;;;;;;;;;;;;;;;;;;;;;;;;;;;;;;;;;;;;;;;;;;;;;;;;;;;;;;;;;;;;;;;;;;;;;;;;;;;;;;;;;;;;;;;;;;;;;;;;;;;;;;;;;;;;;;;;;;;;;;;;;;;;;;;;;;;;;;;;;;;;;;;;;;;;;;;;;;;;;;;;;;;;;;;;;;;;;;;;;;;;;;;;;;;;;;
Слесарь-инструментальщик;0;Пензенская область;Сахалинская область;Мурманская область;Томская область;Оренбургская область;Кировская область;Ярославская область;Орловская область;Забайкальский край;Рязанская область;Нижегородская область;Новосибирская область;Ульяновская область;Красноярский край;Республика Хакасия;Кемеровская область;Свердловская область;Волгоградская область;Белгородская область;Костромская область;Удмуртская Республика;Алтайский край;Ленинградская область;Республика Коми;Республика Бурятия;Челябинская область;Амурская область;Республика Марий Эл;Архангельская область;Краснодарский край;Московская область;Республика Крым;Приморский край;Чеченская Республика;Ивановская область;Тамбовская область;Калининградская область;Омская область;Самарская область;Республика Дагестан;Брянская область;Воронежская область;Вологодская область;Республика Адыгея;Ростовская область;Иркутская область;Республика Алтай;Республика Северная Осетия;Ненецкий автономный округ;Тюменская область;Владимирская область;Республика Тыва;Кабардино-Балкарская Республика;Республика Башкортостан;Республика Калмыкия;Новгородская область;Тульская область;Чувашская Республика;Ханты-Мансийский автономный округ — Югра;Псковская область;Пермский край;Саратовская область;Курганская область;Астраханская область;Хабаровский край;Республика Карелия;Курская область;Республика Татарстан;Ставропольский край;Липецкая область;Калужская область;Тверская область;;;;;;;;;;;;;;;;;;;;;;;;;;;;;;;;;;;;;;;;;;;;;;;;;;;;;;;;;;;;;;;;;;;;;;;;;;;;;;;;;;;;;;;;;;;;;;;;;;;;;;;;;;;;;;;;;;;;;;;;;;;;;;;;;;;;;;;;;;;;;;;;;;;;;;;;;;;;;;;;;;;;;;;;;;;;;;;;;;;;;;;;;;;;;;;;;;;;;;;;;;;;;;;;;;;;;;;;;;;;;;;;;;;;;;;;;;;;;;;;;;;;;;;;;;;;;;;;;;;;;;;;;;;;;;;;;;;;;;;;;;;;
Слесарь-инструментальщик;2,3;Оренбургская область;Костромская область;Кемеровская область;Волгоградская область;Орловская область;Мурманская область;Приморский край;Московская область;Чеченская Республика;Кировская область;Омская область;Удмуртская Республика;Брянская область;Республика Хакасия;Алтайский край;Вологодская область;Забайкальский край;Республика Адыгея;Рязанская область;Нижегородская область;Ростовская область;Республика Алтай;Ненецкий автономный округ;Тюменская область;Республика Тыва;Кабардино-Балкарская Республика;Республика Башкортостан;Республика Калмыкия;Новгородская область;Томская область;Республика Бурятия;Тульская область;Чувашская Республика;Ханты-Мансийский автономный округ — Югра;Ульяновская область;Псковская область;Пермский край;Саратовская область;Курганская область;Астраханская область;Курская область;Челябинская область;Республика Дагестан;Воронежская область;Иркутская область;Республика Северная Осетия;Владимирская область;Республика Карелия;Ставропольский край;Калининградская область;Самарская область;Республика Марий Эл;Архангельская область;Новосибирская область;Пензенская область;Ленинградская область;Республика Коми;Хабаровский край;Белгородская область;Липецкая область;Краснодарский край;Красноярский край;Тверская область;Свердловская область;Ярославская область;Республика Крым;Сахалинская область;Ивановская область;Тамбовская область;Амурская область;Республика Татарстан;Калужская область;;;;;;;;;;;;;;;;;;;;;;;;;;;;;;;;;;;;;;;;;;;;;;;;;;;;;;;;;;;;;;;;;;;;;;;;;;;;;;;;;;;;;;;;;;;;;;;;;;;;;;;;;;;;;;;;;;;;;;;;;;;;;;;;;;;;;;;;;;;;;;;;;;;;;;;;;;;;;;;;;;;;;;;;;;;;;;;;;;;;;;;;;;;;;;;;;;;;;;;;;;;;;;;;;;;;;;;;;;;;;;;;;;;;;;;;;;;;;;;;;;;;;;;;;;;;;;;;;;;;;;;;;;;;;;;;;;;;;;;;;;;;
Продавец;2,3;Оренбургская область;Ярославская область;Костромская область;Ростовская область;Волгоградская область;Кемеровская область;Ульяновская область;Республика Северная Осетия;Томская область;Хабаровский край;Ханты-Мансийский автономный округ — Югра;Республика Адыгея;Вологодская область;Новосибирская область;Орловская область;Республика Крым;Забайкальский край;Ленинградская область;Архангельская область;Ивановская область;Новгородская область;Астраханская область;Республика Карелия;Тверская область;Мурманская область;Камчатский край;Смоленская область;Город федерального значения Санкт-Петербург;Воронежская область;Республика Мордовия;Чукотский автономный округ;Курганская область;Тульская область;Республика Калмыкия;Магаданская область;Псковская область;Карачаево-Черкесская Республика;Ямало-Ненецкий автономный округ;город федерального значения Севастополь;Город федерального значения Москва;;Свердловская область;Республика Коми;Республика Хакасия;Республика Бурятия;Владимирская область;Калининградская область;Нижегородская область;Липецкая область;Московская область;Алтайский край;Пермский край;Республика Саха (Якутия);Республика Татарстан;Рязанская область;Кабардино-Балкарская Республика;Ненецкий автономный округ;Республика Башкортостан;Чувашская Республика;Брянская область;Республика Тыва;Республика Ингушетия;Еврейская автономная область;Белгородская область;Самарская область;Республика Марий Эл;Курская область;Республика Алтай;Тюменская область;Саратовская область;Тамбовская область;Кировская область;Удмуртская Республика;Иркутская область;Сахалинская область;Республика Дагестан;Приморский край;Омская область;Краснодарский край;Челябинская область;Красноярский край;Ставропольский край;Чеченская Республика;Калужская область;Пензенская область;Амурская область;;;;;;;;;;;;;;;;;;;;;;;;;;;;;;;;;;;;;;;;;;;;;;;;;;;;;;;;;;;;;;;;;;;;;;;;;;;;;;;;;;;;;;;;;;;;;;;;;;;;;;;;;;;;;;;;;;;;;;;;;;;;;;;;;;;;;;;;;;;;;;;;;;;;;;;;;;;;;;;;;;;;;;;;;;;;;;;;;;;;;;;;;;;;;;;;;;;;;;;;;;;;;;;;;;;;;;;;;;;;;;;;;;;;;;;;;;;;;;;;;;;;;;;;;;;;;;;;;;;;;;;;;;;;;;
Продавец;1;Ярославская область;Костромская область;Оренбургская область;Волгоградская область;Ростовская область;Республика Калмыкия;Республика Хакасия;;Курганская область;Республика Адыгея;Республика Крым;Московская область;Ненецкий автономный округ;Саратовская область;Ульяновская область;Алтайский край;Ленинградская область;Ивановская область;Архангельская область;Воронежская область;Тюменская область;Тамбовская область;Тверская область;Омская область;Республика Саха (Якутия);Кемеровская область;Пермский край;Орловская область;Камчатский край;Еврейская автономная область;Новосибирская область;Курская область;Республика Карелия;Тульская область;Республика Северная Осетия;Мурманская область;Новгородская область;Томская область;Смоленская область;Чукотский автономный округ;Свердловская область;Забайкальский край;Кабардино-Балкарская Республика;Республика Бурятия;Владимирская область;Республика Ингушетия;Ханты-Мансийский автономный округ — Югра;Псковская область;Ямало-Ненецкий автономный округ;город федерального значения Севастополь;Республика Мордовия;Город федерального значения Санкт-Петербург;Город федерального значения Москва;Белгородская область;Республика Марий Эл;Республика Коми;Астраханская область;Кировская область;Удмуртская Республика;Нижегородская область;Чувашская Республика;Хабаровский край;Республика Дагестан;Рязанская область;Липецкая область;Вологодская область;Калининградская область;Сахалинская область;Республика Алтай;Брянская область;Республика Башкортостан;Республика Татарстан;Приморский край;Красноярский край;Амурская область;Магаданская область;Калужская область;Краснодарский край;Самарская область;Республика Тыва;Пензенская область;Ставропольский край;Карачаево-Черкесская Республика;Иркутская область;Челябинская область;Чеченская Республика;;;;;;;;;;;;;;;;;;;;;;;;;;;;;;;;;;;;;;;;;;;;;;;;;;;;;;;;;;;;;;;;;;;;;;;;;;;;;;;;;;;;;;;;;;;;;;;;;;;;;;;;;;;;;;;;;;;;;;;;;;;;;;;;;;;;;;;;;;;;;;;;;;;;;;;;;;;;;;;;;;;;;;;;;;;;;;;;;;;;;;;;;;;;;;;;;;;;;;;;;;;;;;;;;;;;;;;;;;;;;;;;;;;;;;;;;;;;;;;;;;;;;;;;;;;;;;;;;;;;;;;;;;;;;;
Продавец;0;Ярославская область;Костромская область;Оренбургская область;Волгоградская область;Ростовская область;Республика Калмыкия;Республика Крым;Московская область;Ленинградская область;Республика Хакасия;Ульяновская область;Саратовская область;Город федерального значения Санкт-Петербург;Алтайский край;Ивановская область;;Архангельская область;Курская область;Воронежская область;Республика Саха (Якутия);Камчатский край;Республика Адыгея;Республика Северная Осетия;Ненецкий автономный округ;Псковская область;Ямало-Ненецкий автономный округ;Омская область;Мурманская область;Нижегородская область;Тюменская область;Астраханская область;Курганская область;Хабаровский край;Тверская область;Новосибирская область;Республика Ингушетия;Чукотский автономный округ;Пермский край;Республика Карелия;Карачаево-Черкесская Республика;Свердловская область;Республика Бурятия;Владимирская область;Белгородская область;Калининградская область;Забайкальский край;Кабардино-Балкарская Республика;Кемеровская область;Орловская область;Республика Мордовия;Республика Дагестан;Республика Коми;Томская область;Вологодская область;Смоленская область;Ханты-Мансийский автономный округ — Югра;Республика Башкортостан;Новгородская область;Брянская область;Удмуртская Республика;Республика Тыва;Тамбовская область;Магаданская область;город федерального значения Севастополь;Республика Алтай;Город федерального значения Москва;Приморский край;Тульская область;Чувашская Республика;Иркутская область;Сахалинская область;Рязанская область;Еврейская автономная область;Самарская область;Липецкая область;Республика Марий Эл;Пензенская область;Калужская область;Чеченская Республика;Красноярский край;Краснодарский край;Кировская область;Амурская область;Республика Татарстан;Ставропольский край;Челябинская область;;;;;;;;;;;;;;;;;;;;;;;;;;;;;;;;;;;;;;;;;;;;;;;;;;;;;;;;;;;;;;;;;;;;;;;;;;;;;;;;;;;;;;;;;;;;;;;;;;;;;;;;;;;;;;;;;;;;;;;;;;;;;;;;;;;;;;;;;;;;;;;;;;;;;;;;;;;;;;;;;;;;;;;;;;;;;;;;;;;;;;;;;;;;;;;;;;;;;;;;;;;;;;;;;;;;;;;;;;;;;;;;;;;;;;;;;;;;;;;;;;;;;;;;;;;;;;;;;;;;;;;;;;;;;;
Слесарь-КИПиА;1;Калининградская область;Ивановская область;Ульяновская область;Забайкальский край;Костромская область;Ханты-Мансийский автономный округ — Югра;Иркутская область;Белгородская область;Республика Хакасия;Еврейская автономная область;Ленинградская область;Оренбургская область;Астраханская область;Республика Калмыкия;Республика Бурятия;Республика Тыва;Республика Саха (Якутия);Республика Карелия;Чукотский автономный округ;Курганская область;Республика Северная Осетия;Ненецкий автономный округ;Республика Мордовия;Карачаево-Черкесская Республика;Ростовская область;Тюменская область;Брянская область;Удмуртская Республика;Саратовская область;Орловская область;Новгородская область;Республика Ингушетия;Республика Адыгея;Нижегородская область;Рязанская область;Томская область;Камчатский край;Воронежская область;Смоленская область;Приморский край;Самарская область;Владимирская область;Ярославская область;Сахалинская область;Пермский край;Новосибирская область;Тамбовская область;Курская область;Чувашская Республика;Республика Алтай;Хабаровский край;Магаданская область;Тульская область;Псковская область;Архангельская область;Свердловская область;Алтайский край;Пензенская область;Амурская область;Московская область;Тверская область;Омская область;Вологодская область;Республика Дагестан;Кабардино-Балкарская Республика;Кировская область;Волгоградская область;Кемеровская область;Липецкая область;Республика Крым;Республика Марий Эл;Красноярский край;Калужская область;Мурманская область;Республика Башкортостан;Чеченская Республика;Челябинская область;Республика Коми;Республика Татарстан;Ставропольский край;Краснодарский край;;;;;;;;;;;;;;;;;;;;;;;;;;;;;;;;;;;;;;;;;;;;;;;;;;;;;;;;;;;;;;;;;;;;;;;;;;;;;;;;;;;;;;;;;;;;;;;;;;;;;;;;;;;;;;;;;;;;;;;;;;;;;;;;;;;;;;;;;;;;;;;;;;;;;;;;;;;;;;;;;;;;;;;;;;;;;;;;;;;;;;;;;;;;;;;;;;;;;;;;;;;;;;;;;;;;;;;;;;;;;;;;;;;;;;;;;;;;;;;;;;;;;;;;;;;;;;;;;;;;;;;;;;;;;;;;;;;
Слесарь-КИПиА;0;Ивановская область;Курская область;Ханты-Мансийский автономный округ — Югра;Республика Алтай;Астраханская область;Новгородская область;Республика Бурятия;Республика Адыгея;Хабаровский край;Ненецкий автономный округ;Еврейская автономная область;Республика Мордовия;Республика Карелия;Магаданская область;Чукотский автономный округ;Курганская область;Калининградская область;Сахалинская область;Мурманская область;Самарская область;Республика Крым;Республика Дагестан;Иркутская область;Новосибирская область;Тюменская область;Нижегородская область;Удмуртская Республика;Свердловская область;Архангельская область;Московская область;Кемеровская область;Вологодская область;Кабардино-Балкарская Республика;Омская область;Липецкая область;Ростовская область;Рязанская область;Воронежская область;Республика Северная Осетия;Владимирская область;Чувашская Республика;Ульяновская область;Ленинградская область;Волгоградская область;Саратовская область;Карачаево-Черкесская Республика;Тульская область;Чеченская Республика;Республика Коми;Оренбургская область;Белгородская область;Республика Хакасия;Приморский край;Пензенская область;Орловская область;Брянская область;Томская область;Камчатский край;Тамбовская область;Республика Ингушетия;Республика Калмыкия;Забайкальский край;Смоленская область;Псковская область;Республика Башкортостан;Челябинская область;Пермский край;Республика Тыва;Республика Саха (Якутия);Алтайский край;Костромская область;Ярославская область;Кировская область;Красноярский край;Амурская область;Республика Марий Эл;Калужская область;Ставропольский край;Тверская область;Республика Татарстан;Краснодарский край;;;;;;;;;;;;;;;;;;;;;;;;;;;;;;;;;;;;;;;;;;;;;;;;;;;;;;;;;;;;;;;;;;;;;;;;;;;;;;;;;;;;;;;;;;;;;;;;;;;;;;;;;;;;;;;;;;;;;;;;;;;;;;;;;;;;;;;;;;;;;;;;;;;;;;;;;;;;;;;;;;;;;;;;;;;;;;;;;;;;;;;;;;;;;;;;;;;;;;;;;;;;;;;;;;;;;;;;;;;;;;;;;;;;;;;;;;;;;;;;;;;;;;;;;;;;;;;;;;;;;;;;;;;;;;;;;;;
Слесарь-КИПиА;2,3;Ярославская область;Костромская область;Оренбургская область;Республика Крым;Архангельская область;Омская область;Ивановская область;Республика Марий Эл;Хабаровский край;Кабардино-Балкарская Республика;Приморский край;Алтайский край;Орловская область;Пермский край;Мурманская область;Республика Дагестан;Рязанская область;Воронежская область;Брянская область;Ленинградская область;Калининградская область;Саратовская область;Республика Хакасия;Курганская область;Московская область;Тверская область;Владимирская область;Ульяновская область;Иркутская область;Республика Северная Осетия;Тамбовская область;Курская область;Ханты-Мансийский автономный округ — Югра;Чувашская Республика;Республика Алтай;Новгородская область;Республика Калмыкия;Забайкальский край;Республика Бурятия;Удмуртская Республика;Республика Саха (Якутия);Республика Адыгея;Ненецкий автономный округ;Еврейская автономная область;Камчатский край;Республика Мордовия;Карачаево-Черкесская Республика;Республика Карелия;Тульская область;Смоленская область;Чукотский автономный округ;Псковская область;Белгородская область;Кировская область;Новосибирская область;Тюменская область;Республика Башкортостан;Астраханская область;Республика Ингушетия;Вологодская область;Томская область;Республика Тыва;Магаданская область;Ростовская область;Самарская область;Свердловская область;Нижегородская область;Волгоградская область;Красноярский край;Ставропольский край;Пензенская область;Челябинская область;Липецкая область;Республика Коми;Сахалинская область;Кемеровская область;Чеченская Республика;Калужская область;Республика Татарстан;Амурская область;Краснодарский край;;;;;;;;;;;;;;;;;;;;;;;;;;;;;;;;;;;;;;;;;;;;;;;;;;;;;;;;;;;;;;;;;;;;;;;;;;;;;;;;;;;;;;;;;;;;;;;;;;;;;;;;;;;;;;;;;;;;;;;;;;;;;;;;;;;;;;;;;;;;;;;;;;;;;;;;;;;;;;;;;;;;;;;;;;;;;;;;;;;;;;;;;;;;;;;;;;;;;;;;;;;;;;;;;;;;;;;;;;;;;;;;;;;;;;;;;;;;;;;;;;;;;;;;;;;;;;;;;;;;;;;;;;;;;;;;;;;
Сварщик;0;город федерального значения Севастополь;Приморский край;Ханты-Мансийский автономный округ — Югра;Волгоградская область;Кировская область;Липецкая область;Мурманская область;Челябинская область;Тверская область;Ростовская область;Калужская область;Республика Марий Эл;Республика Татарстан;Алтайский край;Краснодарский край;Курская область;Воронежская область;Красноярский край;Республика Крым;Республика Бурятия;Костромская область;Амурская область;Пензенская область;Калининградская область;Забайкальский край;Московская область;Оренбургская область;Республика Алтай;Республика Карелия;Вологодская область;Омская область;Иркутская область;Ульяновская область;Кемеровская область;Новосибирская область;Тюменская область;Томская область;Ставропольский край;Ярославская область;Республика Северная Осетия;Республика Тыва;Свердловская область;Ленинградская область;Орловская область;Ивановская область;Кабардино-Балкарская Республика;Республика Дагестан;Брянская область;Нижегородская область;Белгородская область;Псковская область;Рязанская область;Новгородская область;Чеченская Республика;Пермский край;Владимирская область;Республика Башкортостан;Карачаево-Черкесская Республика;Республика Калмыкия;Тамбовская область;Республика Коми;Самарская область;Смоленская область;Удмуртская Республика;Астраханская область;Тульская область;Республика Хакасия;Чукотский автономный округ;Камчатский край;Республика Адыгея;Хабаровский край;Сахалинская область;Чувашская Республика;Республика Саха (Якутия);Архангельская область;Саратовская область;Ненецкий автономный округ;Еврейская автономная область;Республика Мордовия;Курганская область;Республика Ингушетия;Ямало-Ненецкий автономный округ;Магаданская область;;Город федерального значения Санкт-Петербург;;;;;;;;;;;;;;;;;;;;;;;;;;;;;;;;;;;;;;;;;;;;;;;;;;;;;;;;;;;;;;;;;;;;;;;;;;;;;;;;;;;;;;;;;;;;;;;;;;;;;;;;;;;;;;;;;;;;;;;;;;;;;;;;;;;;;;;;;;;;;;;;;;;;;;;;;;;;;;;;;;;;;;;;;;;;;;;;;;;;;;;;;;;;;;;;;;;;;;;;;;;;;;;;;;;;;;;;;;;;;;;;;;;;;;;;;;;;;;;;;;;;;;;;;;;;;;;;;;;;;;;;;;;;;;;
Сварщик;1;город федерального значения Севастополь;Приморский край;Ханты-Мансийский автономный округ — Югра;Волгоградская область;Кировская область;Липецкая область;Мурманская область;Челябинская область;Тверская область;Ростовская область;Калужская область;Республика Марий Эл;Республика Татарстан;Алтайский край;Краснодарский край;Курская область;Воронежская область;Красноярский край;Республика Крым;Республика Бурятия;Костромская область;Амурская область;Пензенская область;Калининградская область;Забайкальский край;Московская область;Оренбургская область;Республика Алтай;Республика Карелия;Вологодская область;Омская область;Иркутская область;Ульяновская область;Кемеровская область;Новосибирская область;Тюменская область;Томская область;Ставропольский край;Ярославская область;Республика Северная Осетия;Республика Тыва;Свердловская область;Ленинградская область;Орловская область;Ивановская область;Кабардино-Балкарская Республика;Республика Дагестан;Брянская область;Нижегородская область;Белгородская область;Псковская область;Рязанская область;Новгородская область;Чеченская Республика;Пермский край;Владимирская область;Республика Башкортостан;Карачаево-Черкесская Республика;Республика Калмыкия;Тамбовская область;Республика Коми;Самарская область;Смоленская область;Удмуртская Республика;Астраханская область;Тульская область;Республика Хакасия;Чукотский автономный округ;Камчатский край;Республика Адыгея;Хабаровский край;Сахалинская область;Чувашская Республика;Республика Саха (Якутия);Архангельская область;Саратовская область;Ненецкий автономный округ;Еврейская автономная область;Республика Мордовия;Курганская область;Республика Ингушетия;Ямало-Ненецкий автономный округ;Магаданская область;;Город федерального значения Санкт-Петербург;;;;;;;;;;;;;;;;;;;;;;;;;;;;;;;;;;;;;;;;;;;;;;;;;;;;;;;;;;;;;;;;;;;;;;;;;;;;;;;;;;;;;;;;;;;;;;;;;;;;;;;;;;;;;;;;;;;;;;;;;;;;;;;;;;;;;;;;;;;;;;;;;;;;;;;;;;;;;;;;;;;;;;;;;;;;;;;;;;;;;;;;;;;;;;;;;;;;;;;;;;;;;;;;;;;;;;;;;;;;;;;;;;;;;;;;;;;;;;;;;;;;;;;;;;;;;;;;;;;;;;;;;;;;;;;
Сварщик;2,3;город федерального значения Севастополь;Приморский край;Ханты-Мансийский автономный округ — Югра;Волгоградская область;Кировская область;Липецкая область;Мурманская область;Челябинская область;Тверская область;Ростовская область;Калужская область;Республика Марий Эл;Республика Татарстан;Алтайский край;Краснодарский край;Курская область;Воронежская область;Красноярский край;Республика Крым;Республика Бурятия;Костромская область;Амурская область;Пензенская область;Калининградская область;Забайкальский край;Московская область;Оренбургская область;Республика Алтай;Республика Карелия;Вологодская область;Омская область;Иркутская область;Ульяновская область;Кемеровская область;Новосибирская область;Тюменская область;Томская область;Ставропольский край;Ярославская область;Республика Северная Осетия;Республика Тыва;Свердловская область;Ленинградская область;Орловская область;Ивановская область;Кабардино-Балкарская Республика;Республика Дагестан;Брянская область;Нижегородская область;Белгородская область;Псковская область;Рязанская область;Новгородская область;Чеченская Республика;Пермский край;Владимирская область;Республика Башкортостан;Карачаево-Черкесская Республика;Республика Калмыкия;Тамбовская область;Республика Коми;Самарская область;Смоленская область;Удмуртская Республика;Астраханская область;Тульская область;Республика Хакасия;Чукотский автономный округ;Камчатский край;Республика Адыгея;Хабаровский край;Сахалинская область;Чувашская Республика;Республика Саха (Якутия);Архангельская область;Саратовская область;Ненецкий автономный округ;Еврейская автономная область;Республика Мордовия;Курганская область;Республика Ингушетия;Ямало-Ненецкий автономный округ;Магаданская область;;Город федерального значения Санкт-Петербург;;;;;;;;;;;;;;;;;;;;;;;;;;;;;;;;;;;;;;;;;;;;;;;;;;;;;;;;;;;;;;;;;;;;;;;;;;;;;;;;;;;;;;;;;;;;;;;;;;;;;;;;;;;;;;;;;;;;;;;;;;;;;;;;;;;;;;;;;;;;;;;;;;;;;;;;;;;;;;;;;;;;;;;;;;;;;;;;;;;;;;;;;;;;;;;;;;;;;;;;;;;;;;;;;;;;;;;;;;;;;;;;;;;;;;;;;;;;;;;;;;;;;;;;;;;;;;;;;;;;;;;;;;;;;;;
Слесарь;1;Оренбургская область;Ярославская область;Костромская область;Волгоградская область;Республика Калмыкия;Саратовская область;Тульская область;Ханты-Мансийский автономный округ — Югра;Ростовская область;Республика Крым;Ленинградская область;Московская область;Смоленская область;Курская область;Ульяновская область;Камчатский край;Ненецкий автономный округ;Забайкальский край;Самарская область;Республика Бурятия;Удмуртская Республика;Республика Башкортостан;Новгородская область;Воронежская область;Кемеровская область;Тюменская область;Республика Саха (Якутия);Кабардино-Балкарская Республика;Рязанская область;Республика Адыгея;Псковская область;Ивановская область;Алтайский край;Мурманская область;Чеченская Республика;Омская область;Приморский край;Орловская область;Тамбовская область;Архангельская область;Ямало-Ненецкий автономный округ;Город федерального значения Москва;город федерального значения Севастополь;Чукотский автономный округ;Хабаровский край;Республика Алтай;Свердловская область;Вологодская область;Тверская область;Белгородская область;Республика Ингушетия;Республика Карелия;Новосибирская область;Иркутская область;Астраханская область;Курганская область;Республика Мордовия;Республика Тыва;Чувашская Республика;Липецкая область;Республика Марий Эл;Пензенская область;Еврейская автономная область;Карачаево-Черкесская Республика;Магаданская область;Красноярский край;Сахалинская область;Калининградская область;Ставропольский край;Республика Дагестан;Республика Северная Осетия;Брянская область;Томская область;Пермский край;Республика Хакасия;Нижегородская область;Республика Коми;Амурская область;Калужская область;Кировская область;Краснодарский край;Владимирская область;Республика Татарстан;Челябинская область;;;;;;;;;;;;;;;;;;;;;;;;;;;;;;;;;;;;;;;;;;;;;;;;;;;;;;;;;;;;;;;;;;;;;;;;;;;;;;;;;;;;;;;;;;;;;;;;;;;;;;;;;;;;;;;;;;;;;;;;;;;;;;;;;;;;;;;;;;;;;;;;;;;;;;;;;;;;;;;;;;;;;;;;;;;;;;;;;;;;;;;;;;;;;;;;;;;;;;;;;;;;;;;;;;;;;;;;;;;;;;;;;;;;;;;;;;;;;;;;;;;;;;;;;;;;;;;;;;;;;;;;;;;;;;;;
Слесарь;0;Костромская область;Забайкальский край;Ростовская область;Республика Ингушетия;Брянская область;Республика Бурятия;Псковская область;Республика Мордовия;Чукотский автономный округ;Республика Алтай;Ивановская область;Оренбургская область;Астраханская область;Чувашская Республика;Тульская область;Орловская область;Чеченская Республика;Новосибирская область;Кабардино-Балкарская Республика;Волгоградская область;Ульяновская область;Саратовская область;Республика Северная Осетия;Рязанская область;Удмуртская Республика;Иркутская область;Тамбовская область;Вологодская область;Пермский край;Еврейская автономная область;Ненецкий автономный округ;Карачаево-Черкесская Республика;Калининградская область;Тюменская область;Ленинградская область;Алтайский край;Архангельская область;Республика Карелия;Новгородская область;Курская область;Ямало-Ненецкий автономный округ;Хабаровский край;Республика Калмыкия;Ханты-Мансийский автономный округ — Югра;Курганская область;Магаданская область;Город федерального значения Москва;город федерального значения Севастополь;Республика Саха (Якутия);Республика Башкортостан;Республика Адыгея;Камчатский край;Сахалинская область;Приморский край;Мурманская область;Омская область;Самарская область;Ярославская область;Владимирская область;Воронежская область;Кемеровская область;Республика Тыва;Смоленская область;Московская область;Белгородская область;Республика Крым;Пензенская область;Нижегородская область;Республика Дагестан;Свердловская область;Тверская область;Томская область;Амурская область;Кировская область;Республика Татарстан;Республика Марий Эл;Республика Коми;Красноярский край;Ставропольский край;Челябинская область;Краснодарский край;Липецкая область;Республика Хакасия;Калужская область;;;;;;;;;;;;;;;;;;;;;;;;;;;;;;;;;;;;;;;;;;;;;;;;;;;;;;;;;;;;;;;;;;;;;;;;;;;;;;;;;;;;;;;;;;;;;;;;;;;;;;;;;;;;;;;;;;;;;;;;;;;;;;;;;;;;;;;;;;;;;;;;;;;;;;;;;;;;;;;;;;;;;;;;;;;;;;;;;;;;;;;;;;;;;;;;;;;;;;;;;;;;;;;;;;;;;;;;;;;;;;;;;;;;;;;;;;;;;;;;;;;;;;;;;;;;;;;;;;;;;;;;;;;;;;;;
Слесарь;2,3;Оренбургская область;Костромская область;Ярославская область;Московская область;Республика Бурятия;Астраханская область;Республика Башкортостан;Республика Адыгея;Камчатский край;Еврейская автономная область;Магаданская область;Ленинградская область;Республика Крым;Ростовская область;Омская область;Мурманская область;Кабардино-Балкарская Республика;Смоленская область;Волгоградская область;Иркутская область;Тюменская область;Кировская область;Рязанская область;Новгородская область;Ульяновская область;Республика Хакасия;Сахалинская область;Орловская область;Воронежская область;Тамбовская область;Республика Алтай;Ивановская область;Ханты-Мансийский автономный округ — Югра;Республика Саха (Якутия);Республика Северная Осетия;Псковская область;Курганская область;Республика Мордовия;Ненецкий автономный округ;Карачаево-Черкесская Республика;Ямало-Ненецкий автономный округ;Город федерального значения Москва;город федерального значения Севастополь;Калининградская область;Владимирская область;Тверская область;Свердловская область;Забайкальский край;Саратовская область;Брянская область;Республика Калмыкия;Пензенская область;Кемеровская область;Алтайский край;Республика Коми;Архангельская область;Пермский край;Амурская область;Томская область;Чеченская Республика;Приморский край;Вологодская область;Хабаровский край;Новосибирская область;Липецкая область;Республика Тыва;Тульская область;Чукотский автономный округ;Самарская область;Удмуртская Республика;Республика Ингушетия;Республика Карелия;Чувашская Республика;Белгородская область;Ставропольский край;Челябинская область;Республика Марий Эл;Республика Дагестан;Нижегородская область;Курская область;Республика Татарстан;Калужская область;Красноярский край;Краснодарский край;;;;;;;;;;;;;;;;;;;;;;;;;;;;;;;;;;;;;;;;;;;;;;;;;;;;;;;;;;;;;;;;;;;;;;;;;;;;;;;;;;;;;;;;;;;;;;;;;;;;;;;;;;;;;;;;;;;;;;;;;;;;;;;;;;;;;;;;;;;;;;;;;;;;;;;;;;;;;;;;;;;;;;;;;;;;;;;;;;;;;;;;;;;;;;;;;;;;;;;;;;;;;;;;;;;;;;;;;;;;;;;;;;;;;;;;;;;;;;;;;;;;;;;;;;;;;;;;;;;;;;;;;;;;;;;;
Слесарь-ремонтник;0;Мурманская область;Ярославская область;Республика Крым;Пензенская область;Саратовская область;Костромская область;Ростовская область;Волгоградская область;Московская область;Оренбургская область;Удмуртская Республика;Ленинградская область;Владимирская область;Брянская область;Забайкальский край;Карачаево-Черкесская Республика;Республика Бурятия;Вологодская область;Республика Северная Осетия;Республика Адыгея;Чувашская Республика;Курская область;Хабаровский край;Орловская область;Новгородская область;Ульяновская область;Смоленская область;Республика Саха (Якутия);Республика Карелия;Магаданская область;Ненецкий автономный округ;Еврейская автономная область;Псковская область;Чукотский автономный округ;Республика Ингушетия;Тульская область;Курганская область;Республика Мордовия;Ямало-Ненецкий автономный округ;Республика Калмыкия;Белгородская область;Омская область;Кабардино-Балкарская Республика;Республика Дагестан;Алтайский край;Нижегородская область;Тамбовская область;Камчатский край;Калининградская область;Республика Башкортостан;Республика Тыва;Рязанская область;Иркутская область;Архангельская область;Кемеровская область;Тюменская область;Воронежская область;Астраханская область;Ивановская область;Чеченская Республика;Томская область;Республика Коми;Республика Марий Эл;Челябинская область;Пермский край;Республика Алтай;Новосибирская область;Красноярский край;Ставропольский край;Липецкая область;Краснодарский край;Калужская область;Приморский край;Республика Татарстан;Тверская область;Кировская область;Свердловская область;Самарская область;Сахалинская область;Амурская область;Республика Хакасия;;;;;;;;;;;;;;;;;;;;;;;;;;;;;;;;;;;;;;;;;;;;;;;;;;;;;;;;;;;;;;;;;;;;;;;;;;;;;;;;;;;;;;;;;;;;;;;;;;;;;;;;;;;;;;;;;;;;;;;;;;;;;;;;;;;;;;;;;;;;;;;;;;;;;;;;;;;;;;;;;;;;;;;;;;;;;;;;;;;;;;;;;;;;;;;;;;;;;;;;;;;;;;;;;;;;;;;;;;;;;;;;;;;;;;;;;;;;;;;;;;;;;;;;;;;;;;;;;;;;;;;;;;;;;;;;;;;
Слесарь-ремонтник;1;Хабаровский край;Удмуртская Республика;Новгородская область;Пензенская область;Забайкальский край;Астраханская область;Республика Алтай;Калининградская область;Республика Тыва;Республика Ингушетия;Архангельская область;Омская область;Краснодарский край;Кировская область;Мурманская область;Алтайский край;Ивановская область;Тверская область;Белгородская область;Оренбургская область;Ростовская область;Республика Бурятия;Ульяновская область;Смоленская область;Магаданская область;Томская область;Ленинградская область;Ярославская область;Приморский край;Вологодская область;Кабардино-Балкарская Республика;Орловская область;Саратовская область;Нижегородская область;Тамбовская область;Волгоградская область;Республика Северная Осетия;Республика Саха (Якутия);Курская область;Псковская область;Курганская область;Республика Калмыкия;Московская область;Костромская область;Тюменская область;Республика Коми;Красноярский край;Ставропольский край;Сахалинская область;Республика Дагестан;Камчатский край;Владимирская область;Республика Крым;Брянская область;Карачаево-Черкесская Республика;Республика Адыгея;Чеченская Республика;Республика Башкортостан;Республика Карелия;Чувашская Республика;Ненецкий автономный округ;Новосибирская область;Еврейская автономная область;Чукотский автономный округ;Иркутская область;Республика Мордовия;Самарская область;Свердловская область;Республика Хакасия;Челябинская область;Воронежская область;Рязанская область;Ямало-Ненецкий автономный округ;Республика Татарстан;Республика Марий Эл;Липецкая область;Амурская область;Кемеровская область;Калужская область;Пермский край;Тульская область;;;;;;;;;;;;;;;;;;;;;;;;;;;;;;;;;;;;;;;;;;;;;;;;;;;;;;;;;;;;;;;;;;;;;;;;;;;;;;;;;;;;;;;;;;;;;;;;;;;;;;;;;;;;;;;;;;;;;;;;;;;;;;;;;;;;;;;;;;;;;;;;;;;;;;;;;;;;;;;;;;;;;;;;;;;;;;;;;;;;;;;;;;;;;;;;;;;;;;;;;;;;;;;;;;;;;;;;;;;;;;;;;;;;;;;;;;;;;;;;;;;;;;;;;;;;;;;;;;;;;;;;;;;;;;;;;;;
Слесарь-ремонтник;2,3;Республика Дагестан;Орловская область;Приморский край;Самарская область;Белгородская область;Омская область;Хабаровский край;Костромская область;Кировская область;Ленинградская область;Ростовская область;Удмуртская Республика;Нижегородская область;Тамбовская область;Пермский край;Волгоградская область;Вологодская область;Республика Северная Осетия;Астраханская область;Ивановская область;Калининградская область;Республика Башкортостан;Курская область;Оренбургская область;Саратовская область;Ярославская область;Новгородская область;Тюменская область;Брянская область;Карачаево-Черкесская Республика;Республика Бурятия;Воронежская область;Ульяновская область;Республика Адыгея;Республика Алтай;Смоленская область;Камчатский край;Республика Саха (Якутия);Республика Карелия;Чувашская Республика;Магаданская область;Ненецкий автономный округ;Новосибирская область;Томская область;Еврейская автономная область;Псковская область;Рязанская область;Чукотский автономный округ;Республика Ингушетия;Курганская область;Ямало-Ненецкий автономный округ;Республика Калмыкия;Тверская область;Архангельская область;Сахалинская область;Амурская область;Мурманская область;Республика Крым;Пензенская область;Свердловская область;Московская область;Чеченская Республика;Красноярский край;Калужская область;Челябинская область;Ставропольский край;Республика Татарстан;Краснодарский край;Республика Коми;Республика Марий Эл;Липецкая область;Республика Хакасия;Кабардино-Балкарская Республика;Кемеровская область;Владимирская область;Алтайский край;Забайкальский край;Республика Тыва;Тульская область;Иркутская область;Республика Мордовия;;;;;;;;;;;;;;;;;;;;;;;;;;;;;;;;;;;;;;;;;;;;;;;;;;;;;;;;;;;;;;;;;;;;;;;;;;;;;;;;;;;;;;;;;;;;;;;;;;;;;;;;;;;;;;;;;;;;;;;;;;;;;;;;;;;;;;;;;;;;;;;;;;;;;;;;;;;;;;;;;;;;;;;;;;;;;;;;;;;;;;;;;;;;;;;;;;;;;;;;;;;;;;;;;;;;;;;;;;;;;;;;;;;;;;;;;;;;;;;;;;;;;;;;;;;;;;;;;;;;;;;;;;;;;;;;;;;
Бухгалтер;2,3;Ярославская область;Оренбургская область;Чукотский автономный округ;Костромская область;Волгоградская область;Республика Калмыкия;Республика Хакасия;Курганская область;Псковская область;Саратовская область;Ростовская область;Ямало-Ненецкий автономный округ;Магаданская область;;Город федерального значения Москва;Ульяновская область;Республика Северная Осетия;Ненецкий автономный округ;Камчатский край;Ленинградская область;Самарская область;Курская область;Тверская область;Чувашская Республика;Республика Саха (Якутия);Астраханская область;Брянская область;Республика Башкортостан;Смоленская область;Ивановская область;Омская область;Республика Крым;Московская область;Калужская область;Новосибирская область;Карачаево-Черкесская Республика;Еврейская автономная область;Тульская область;Краснодарский край;Мурманская область;Алтайский край;Красноярский край;Республика Дагестан;Кировская область;Республика Алтай;Республика Марий Эл;Кемеровская область;Архангельская область;Приморский край;Забайкальский край;Республика Коми;Рязанская область;Свердловская область;Республика Адыгея;Республика Тыва;Республика Бурятия;Республика Карелия;Хабаровский край;Ставропольский край;Томская область;Республика Мордовия;Орловская область;Чеченская Республика;Воронежская область;Липецкая область;Пермский край;Иркутская область;Вологодская область;Белгородская область;Кабардино-Балкарская Республика;Нижегородская область;Удмуртская Республика;Амурская область;Тюменская область;Тамбовская область;Новгородская область;Владимирская область;Республика Татарстан;Ханты-Мансийский автономный округ — Югра;Калининградская область;Сахалинская область;Челябинская область;Республика Ингушетия;Пензенская область;;;;;;;;;;;;;;;;;;;;;;;;;;;;;;;;;;;;;;;;;;;;;;;;;;;;;;;;;;;;;;;;;;;;;;;;;;;;;;;;;;;;;;;;;;;;;;;;;;;;;;;;;;;;;;;;;;;;;;;;;;;;;;;;;;;;;;;;;;;;;;;;;;;;;;;;;;;;;;;;;;;;;;;;;;;;;;;;;;;;;;;;;;;;;;;;;;;;;;;;;;;;;;;;;;;;;;;;;;;;;;;;;;;;;;;;;;;;;;;;;;;;;;;;;;;;;;;;;;;;;;;;;;;;;;;;
Бухгалтер;0;Ярославская область;Оренбургская область;Костромская область;Волгоградская область;Республика Мордовия;Камчатский край;Республика Карелия;Республика Калмыкия;Ростовская область;Ульяновская область;Ханты-Мансийский автономный округ — Югра;Омская область;Республика Саха (Якутия);Ивановская область;Ленинградская область;Мурманская область;Псковская область;Чукотский автономный округ;Магаданская область;;Город федерального значения Москва;Хабаровский край;Алтайский край;Республика Крым;Московская область;Саратовская область;Архангельская область;Самарская область;Еврейская автономная область;Воронежская область;Курганская область;Кабардино-Балкарская Республика;Нижегородская область;Тюменская область;Орловская область;Забайкальский край;Брянская область;Курская область;Вологодская область;Тверская область;Республика Северная Осетия;Владимирская область;Чувашская Республика;Пензенская область;Свердловская область;Пермский край;Кемеровская область;Приморский край;Удмуртская Республика;Калининградская область;Рязанская область;Новгородская область;Тульская область;Ямало-Ненецкий автономный округ;Новосибирская область;Республика Бурятия;Республика Алтай;Астраханская область;Тамбовская область;Сахалинская область;Кировская область;Чеченская Республика;Республика Дагестан;Республика Башкортостан;Краснодарский край;Республика Адыгея;Красноярский край;Карачаево-Черкесская Республика;Калужская область;Ненецкий автономный округ;Республика Ингушетия;Республика Коми;Республика Татарстан;Смоленская область;Республика Тыва;Липецкая область;Белгородская область;Амурская область;Иркутская область;Ставропольский край;Республика Марий Эл;Томская область;Республика Хакасия;Челябинская область;;;;;;;;;;;;;;;;;;;;;;;;;;;;;;;;;;;;;;;;;;;;;;;;;;;;;;;;;;;;;;;;;;;;;;;;;;;;;;;;;;;;;;;;;;;;;;;;;;;;;;;;;;;;;;;;;;;;;;;;;;;;;;;;;;;;;;;;;;;;;;;;;;;;;;;;;;;;;;;;;;;;;;;;;;;;;;;;;;;;;;;;;;;;;;;;;;;;;;;;;;;;;;;;;;;;;;;;;;;;;;;;;;;;;;;;;;;;;;;;;;;;;;;;;;;;;;;;;;;;;;;;;;;;;;;;
Бухгалтер;1;Ярославская область;Оренбургская область;Костромская область;Камчатский край;Ямало-Ненецкий автономный округ;Город федерального значения Москва;Ростовская область;Волгоградская область;Республика Мордовия;Курганская область;Республика Крым;Ленинградская область;Республика Хакасия;Республика Калмыкия;Саратовская область;Ханты-Мансийский автономный округ — Югра;Тверская область;Московская область;Ивановская область;Омская область;Мурманская область;Архангельская область;Ульяновская область;Самарская область;Республика Башкортостан;Чукотский автономный округ;Республика Саха (Якутия);Республика Адыгея;Республика Карелия;Смоленская область;Алтайский край;Орловская область;Красноярский край;Приморский край;Кабардино-Балкарская Республика;Нижегородская область;Рязанская область;Свердловская область;Республика Алтай;Астраханская область;Курская область;Республика Бурятия;;Воронежская область;Хабаровский край;Псковская область;Карачаево-Черкесская Республика;Калужская область;Пермский край;Кемеровская область;Республика Татарстан;Белгородская область;Краснодарский край;Чеченская Республика;Кировская область;Республика Марий Эл;Республика Коми;Пензенская область;Тюменская область;Республика Северная Осетия;Новосибирская область;Тульская область;Калининградская область;Чувашская Республика;Новгородская область;Владимирская область;Магаданская область;Ставропольский край;Амурская область;Республика Дагестан;Липецкая область;Вологодская область;Удмуртская Республика;Сахалинская область;Забайкальский край;Тамбовская область;Брянская область;Ненецкий автономный округ;Еврейская автономная область;Томская область;Иркутская область;Челябинская область;Республика Ингушетия;Республика Тыва;;;;;;;;;;;;;;;;;;;;;;;;;;;;;;;;;;;;;;;;;;;;;;;;;;;;;;;;;;;;;;;;;;;;;;;;;;;;;;;;;;;;;;;;;;;;;;;;;;;;;;;;;;;;;;;;;;;;;;;;;;;;;;;;;;;;;;;;;;;;;;;;;;;;;;;;;;;;;;;;;;;;;;;;;;;;;;;;;;;;;;;;;;;;;;;;;;;;;;;;;;;;;;;;;;;;;;;;;;;;;;;;;;;;;;;;;;;;;;;;;;;;;;;;;;;;;;;;;;;;;;;;;;;;;;;;
Специалист по персоналу;2,3;Оренбургская область;Республика Татарстан;Ярославская область;Орловская область;Забайкальский край;Омская область;Архангельская область;Костромская область;Республика Марий Эл;Тверская область;Кабардино-Балкарская Республика;Ставропольский край;Республика Дагестан;Алтайский край;Нижегородская область;Красноярский край;Белгородская область;Мурманская область;Смоленская область;Пензенская область;Ленинградская область;Астраханская область;Рязанская область;Ростовская область;Свердловская область;Республика Крым;Краснодарский край;Саратовская область;Челябинская область;Калининградская область;Ивановская область;Амурская область;Липецкая область;Чеченская Республика;Калужская область;Новгородская область;Республика Адыгея;Приморский край;Самарская область;Волгоградская область;Московская область;Пермский край;Новосибирская область;Кемеровская область;Тамбовская область;Иркутская область;Вологодская область;Республика Ингушетия;Кировская область;Республика Коми;Брянская область;Псковская область;Хабаровский край;Республика Северная Осетия;Республика Тыва;Республика Башкортостан;Воронежская область;Республика Саха (Якутия);Республика Алтай;Томская область;Республика Хакасия;Республика Калмыкия;Удмуртская Республика;Владимирская область;Ульяновская область;Сахалинская область;Курская область;Республика Бурятия;Тюменская область;Тульская область;Карачаево-Черкесская Республика;Курганская область;Камчатский край;Еврейская автономная область;Чувашская Республика;Ненецкий автономный округ;Республика Карелия;Ханты-Мансийский автономный округ — Югра;Чукотский автономный округ;Республика Мордовия;Магаданская область;город федерального значения Севастополь;Ямало-Ненецкий автономный округ;;;;;;;;;;;;;;;;;;;;;;;;;;;;;;;;;;;;;;;;;;;;;;;;;;;;;;;;;;;;;;;;;;;;;;;;;;;;;;;;;;;;;;;;;;;;;;;;;;;;;;;;;;;;;;;;;;;;;;;;;;;;;;;;;;;;;;;;;;;;;;;;;;;;;;;;;;;;;;;;;;;;;;;;;;;;;;;;;;;;;;;;;;;;;;;;;;;;;;;;;;;;;;;;;;;;;;;;;;;;;;;;;;;;;;;;;;;;;;;;;;;;;;;;;;;;;;;;;;;;;;;;;;;;;;;;;
Специалист по персоналу;1;Оренбургская область;Республика Татарстан;Ярославская область;Орловская область;Забайкальский край;Омская область;Архангельская область;Костромская область;Республика Марий Эл;Тверская область;Кабардино-Балкарская Республика;Ставропольский край;Республика Дагестан;Алтайский край;Нижегородская область;Красноярский край;Белгородская область;Мурманская область;Смоленская область;Пензенская область;Ленинградская область;Астраханская область;Рязанская область;Ростовская область;Свердловская область;Республика Крым;Краснодарский край;Саратовская область;Челябинская область;Калининградская область;Ивановская область;Амурская область;Липецкая область;Чеченская Республика;Калужская область;Новгородская область;Республика Адыгея;Приморский край;Самарская область;Волгоградская область;Московская область;Пермский край;Новосибирская область;Кемеровская область;Тамбовская область;Иркутская область;Вологодская область;Республика Ингушетия;Кировская область;Республика Коми;Брянская область;Псковская область;Хабаровский край;Республика Северная Осетия;Республика Тыва;Республика Башкортостан;Воронежская область;Республика Саха (Якутия);Республика Алтай;Томская область;Республика Хакасия;Республика Калмыкия;Удмуртская Республика;Владимирская область;Ульяновская область;Сахалинская область;Курская область;Республика Бурятия;Тюменская область;Тульская область;Карачаево-Черкесская Республика;Курганская область;Камчатский край;Еврейская автономная область;Чувашская Республика;Ненецкий автономный округ;Республика Карелия;Ханты-Мансийский автономный округ — Югра;Чукотский автономный округ;Республика Мордовия;Магаданская область;город федерального значения Севастополь;Ямало-Ненецкий автономный округ;;;;;;;;;;;;;;;;;;;;;;;;;;;;;;;;;;;;;;;;;;;;;;;;;;;;;;;;;;;;;;;;;;;;;;;;;;;;;;;;;;;;;;;;;;;;;;;;;;;;;;;;;;;;;;;;;;;;;;;;;;;;;;;;;;;;;;;;;;;;;;;;;;;;;;;;;;;;;;;;;;;;;;;;;;;;;;;;;;;;;;;;;;;;;;;;;;;;;;;;;;;;;;;;;;;;;;;;;;;;;;;;;;;;;;;;;;;;;;;;;;;;;;;;;;;;;;;;;;;;;;;;;;;;;;;;;
Специалист по персоналу;0;Оренбургская область;Республика Татарстан;Ярославская область;Орловская область;Забайкальский край;Омская область;Архангельская область;Костромская область;Республика Марий Эл;Тверская область;Кабардино-Балкарская Республика;Ставропольский край;Республика Дагестан;Алтайский край;Нижегородская область;Красноярский край;Белгородская область;Мурманская область;Смоленская область;Пензенская область;Ленинградская область;Астраханская область;Рязанская область;Ростовская область;Свердловская область;Республика Крым;Краснодарский край;Саратовская область;Челябинская область;Калининградская область;Ивановская область;Амурская область;Липецкая область;Чеченская Республика;Калужская область;Новгородская область;Республика Адыгея;Приморский край;Самарская область;Волгоградская область;Московская область;Пермский край;Новосибирская область;Кемеровская область;Тамбовская область;Иркутская область;Вологодская область;Республика Ингушетия;Кировская область;Республика Коми;Брянская область;Псковская область;Хабаровский край;Республика Северная Осетия;Республика Тыва;Республика Башкортостан;Воронежская область;Республика Саха (Якутия);Республика Алтай;Томская область;Республика Хакасия;Республика Калмыкия;Удмуртская Республика;Владимирская область;Ульяновская область;Сахалинская область;Курская область;Республика Бурятия;Тюменская область;Тульская область;Карачаево-Черкесская Республика;Курганская область;Камчатский край;Еврейская автономная область;Чувашская Республика;Ненецкий автономный округ;Республика Карелия;Ханты-Мансийский автономный округ — Югра;Чукотский автономный округ;Республика Мордовия;Магаданская область;город федерального значения Севастополь;Ямало-Ненецкий автономный округ;;;;;;;;;;;;;;;;;;;;;;;;;;;;;;;;;;;;;;;;;;;;;;;;;;;;;;;;;;;;;;;;;;;;;;;;;;;;;;;;;;;;;;;;;;;;;;;;;;;;;;;;;;;;;;;;;;;;;;;;;;;;;;;;;;;;;;;;;;;;;;;;;;;;;;;;;;;;;;;;;;;;;;;;;;;;;;;;;;;;;;;;;;;;;;;;;;;;;;;;;;;;;;;;;;;;;;;;;;;;;;;;;;;;;;;;;;;;;;;;;;;;;;;;;;;;;;;;;;;;;;;;;;;;;;;;;