профессия;опыт работы;Навык_1;Навык_2;Навык_3;Навык_4;Навык_5;Навык_6;Навык_7;Навык_8;Навык_9;Навык_10;Навык_11;Навык_12;Навык_13;Навык_14;Навык_15;Навык_16;Навык_17;Навык_18;Навык_19;Навык_20;Навык_21;Навык_22;Навык_23;Навык_24;Навык_25;Навык_26;Навык_27;Навык_28;Навык_29;Навык_30;Навык_31;Навык_32;Навык_33;Навык_34;Навык_35;Навык_36;Навык_37;Навык_38;Навык_39;Навык_40;Навык_41;Навык_42;Навык_43;Навык_44;Навык_45;Навык_46;Навык_47;Навык_48;Навык_49;Навык_50;Навык_51;Навык_52;Навык_53;Навык_54;Навык_55;Навык_56;Навык_57;Навык_58;Навык_59;Навык_60;Навык_61;Навык_62;Навык_63;Навык_64;Навык_65;Навык_66;Навык_67;Навык_68;Навык_69;Навык_70;Навык_71;Навык_72;Навык_73;Навык_74;Навык_75;Навык_76;Навык_77;Навык_78;Навык_79;Навык_80;Навык_81;Навык_82;Навык_83;Навык_84;Навык_85;Навык_86;Навык_87;Навык_88;Навык_89;Навык_90;Навык_91;Навык_92;Навык_93;Навык_94;Навык_95;Навык_96;Навык_97;Навык_98;Навык_99;Навык_100;Навык_101;Навык_102;Навык_103;Навык_104;Навык_105;Навык_106;Навык_107;Навык_108;Навык_109;Навык_110;Навык_111;Навык_112;Навык_113;Навык_114;Навык_115;Навык_116;Навык_117;Навык_118;Навык_119;Навык_120;Навык_121;Навык_122;Навык_123;Навык_124;Навык_125;Навык_126;Навык_127;Навык_128;Навык_129;Навык_130;Навык_131;Навык_132;Навык_133;Навык_134;Навык_135;Навык_136;Навык_137;Навык_138;Навык_139;Навык_140;Навык_141;Навык_142;Навык_143;Навык_144;Навык_145;Навык_146;Навык_147;Навык_148;Навык_149;Навык_150;Навык_151;Навык_152;Навык_153;Навык_154;Навык_155;Навык_156;Навык_157;Навык_158;Навык_159;Навык_160;Навык_161;Навык_162;Навык_163;Навык_164;Навык_165;Навык_166;Навык_167;Навык_168;Навык_169;Навык_170;Навык_171;Навык_172;Навык_173;Навык_174;Навык_175;Навык_176;Навык_177;Навык_178;Навык_179;Навык_180;Навык_181;Навык_182;Навык_183;Навык_184;Навык_185;Навык_186;Навык_187;Навык_188;Навык_189;Навык_190;Навык_191;Навык_192;Навык_193;Навык_194;Навык_195;Навык_196;Навык_197;Навык_198;Навык_199;Навык_200;Навык_201;Навык_202;Навык_203;Навык_204;Навык_205;Навык_206;Навык_207;Навык_208;Навык_209;Навык_210;Навык_211;Навык_212;Навык_213;Навык_214;Навык_215;Навык_216;Навык_217;Навык_218;Навык_219;Навык_220;Навык_221;Навык_222;Навык_223;Навык_224;Навык_225;Навык_226;Навык_227;Навык_228;Навык_229;Навык_230;Навык_231;Навык_232;Навык_233;Навык_234;Навык_235;Навык_236;Навык_237;Навык_238;Навык_239;Навык_240;Навык_241;Навык_242;Навык_243;Навык_244;Навык_245;Навык_246;Навык_247;Навык_248;Навык_249;Навык_250;Навык_251;Навык_252;Навык_253;Навык_254;Навык_255;Навык_256;Навык_257;Навык_258;Навык_259;Навык_260;Навык_261;Навык_262;Навык_263;Навык_264;Навык_265;Навык_266;Навык_267;Навык_268;Навык_269;Навык_270;Навык_271;Навык_272;Навык_273;Навык_274;Навык_275;Навык_276;Навык_277;Навык_278;Навык_279;Навык_280;Навык_281;Навык_282;Навык_283;Навык_284;Навык_285;Навык_286;Навык_287;Навык_288;Навык_289;Навык_290;Навык_291;Навык_292;Навык_293;Навык_294;Навык_295;Навык_296;Навык_297;Навык_298;Навык_299;Навык_300;Навык_301;Навык_302;Навык_303;Навык_304;Навык_305;Навык_306;Навык_307;Навык_308;Навык_309;Навык_310;Навык_311;Навык_312;Навык_313;Навык_314;Навык_315;Навык_316;Навык_317;Навык_318;Навык_319;Навык_320;Навык_321;Навык_322;Навык_323;Навык_324;Навык_325;Навык_326;Навык_327;Навык_328;Навык_329;Навык_330;Навык_331;Навык_332;Навык_333;Навык_334;Навык_335;Навык_336;Навык_337;Навык_338;Навык_339;Навык_340;Навык_341;Навык_342;Навык_343;Навык_344;Навык_345;Навык_346;Навык_347;Навык_348;Навык_349;Навык_350;Навык_351;Навык_352;Навык_353;Навык_354;Навык_355;Навык_356
Слесарь-механик;2,3;Нарезка резьбы / Механическая обработка / Слесарь МСР;Механическая обработка деталей и узлов (слесари) / сложные;Использование контрольно-измерительного инструмента;Сборка, настройка и испытание узлов, механизмов и оборудования (слесарь МСР) / простые и средней сложности;Механическая обработка деталей и узлов (слесари) / простые и средней сложности;Зачистка / Механическая обработка / Слесарь МСР;Шабрение / Механическая обработка / Слесарь МСР;Резка / Механическая обработка / Слесарь МСР;Сборка, настройка и испытание узлов, механизмов и оборудования (слесарь МСР) / сложные;Такелажные работы (работа с грузоподъемными механизмами);Сверление / Механическая обработка / Слесарь МСР;Механическая обработка деталей и узлов (слесари) / особо сложные;;;;;;;;;;;;;;;;;;;;;;;;;;;;;;;;;;;;;;;;;;;;;;;;;;;;;;;;;;;;;;;;;;;;;;;;;;;;;;;;;;;;;;;;;;;;;;;;;;;;;;;;;;;;;;;;;;;;;;;;;;;;;;;;;;;;;;;;;;;;;;;;;;;;;;;;;;;;;;;;;;;;;;;;;;;;;;;;;;;;;;;;;;;;;;;;;;;;;;;;;;;;;;;;;;;;;;;;;;;;;;;;;;;;;;;;;;;;;;;;;;;;;;;;;;;;;;;;;;;;;;;;;;;;;;;;;;;;;;;;;;;;;;;;;;;;;;;;;;;;;;;;;;;;;;;;;;;;;;;;;;;;;;;;;;;;;;;;;;;;;;;;
Слесарь-механик;0;Сборка, настройка и испытание узлов, механизмов и оборудования (слесарь МСР) / сложные;Использование контрольно-измерительного инструмента;Сборка, настройка и испытание узлов, механизмов и оборудования (слесарь МСР) / простые и средней сложности;Механическая обработка деталей и узлов (слесари) / простые и средней сложности;Такелажные работы (работа с грузоподъемными механизмами);Механическая обработка деталей и узлов (слесари) / сложные;Сверление / Механическая обработка / Слесарь МСР;Нарезка резьбы / Механическая обработка / Слесарь МСР;Резка / Механическая обработка / Слесарь МСР;Зачистка / Механическая обработка / Слесарь МСР;Шабрение / Механическая обработка / Слесарь МСР;Механическая обработка деталей и узлов (слесари) / особо сложные;;;;;;;;;;;;;;;;;;;;;;;;;;;;;;;;;;;;;;;;;;;;;;;;;;;;;;;;;;;;;;;;;;;;;;;;;;;;;;;;;;;;;;;;;;;;;;;;;;;;;;;;;;;;;;;;;;;;;;;;;;;;;;;;;;;;;;;;;;;;;;;;;;;;;;;;;;;;;;;;;;;;;;;;;;;;;;;;;;;;;;;;;;;;;;;;;;;;;;;;;;;;;;;;;;;;;;;;;;;;;;;;;;;;;;;;;;;;;;;;;;;;;;;;;;;;;;;;;;;;;;;;;;;;;;;;;;;;;;;;;;;;;;;;;;;;;;;;;;;;;;;;;;;;;;;;;;;;;;;;;;;;;;;;;;;;;;;;;;;;;;;;
Слесарь-механик;1;Нарезка резьбы / Механическая обработка / Слесарь МСР;Механическая обработка деталей и узлов (слесари) / сложные;Использование контрольно-измерительного инструмента;Сборка, настройка и испытание узлов, механизмов и оборудования (слесарь МСР) / простые и средней сложности;Механическая обработка деталей и узлов (слесари) / простые и средней сложности;Резка / Механическая обработка / Слесарь МСР;Шабрение / Механическая обработка / Слесарь МСР;Механическая обработка деталей и узлов (слесари) / особо сложные;Зачистка / Механическая обработка / Слесарь МСР;Сборка, настройка и испытание узлов, механизмов и оборудования (слесарь МСР) / сложные;Сверление / Механическая обработка / Слесарь МСР;Такелажные работы (работа с грузоподъемными механизмами);;;;;;;;;;;;;;;;;;;;;;;;;;;;;;;;;;;;;;;;;;;;;;;;;;;;;;;;;;;;;;;;;;;;;;;;;;;;;;;;;;;;;;;;;;;;;;;;;;;;;;;;;;;;;;;;;;;;;;;;;;;;;;;;;;;;;;;;;;;;;;;;;;;;;;;;;;;;;;;;;;;;;;;;;;;;;;;;;;;;;;;;;;;;;;;;;;;;;;;;;;;;;;;;;;;;;;;;;;;;;;;;;;;;;;;;;;;;;;;;;;;;;;;;;;;;;;;;;;;;;;;;;;;;;;;;;;;;;;;;;;;;;;;;;;;;;;;;;;;;;;;;;;;;;;;;;;;;;;;;;;;;;;;;;;;;;;;;;;;;;;;;
Медсестра;0;Уход за пациентом;Работа в образовательной организации;Выполнение массажа;Проведение функциональных исследований;Оказание медицинской помощи в экстренной и неотложной форме;Сестринское дело в педиатрии;Организация безопасной среды для пациентов и персонала;Выполнение стоматологических процедур;Проведение доврачебного приема в рамках профилактического осмотра;Сестринское дело в эндоскопии;Работа в перевязочном (процедурном) кабинете;Использование крови и (или) ее компонентов;Применение лекарственных препаратов;Выполнение физиотерапевтических медицинских процедур;Допуск к профессиональной деятельности;Фармпредставительство;Взятие биоматериала пациента для исследований;Работа с лечебным питанием (на пищеблоке);Стерилизация инструментов;Прием вызовов скорой медицинской помощи;Проведение мероприятий медицинской реабилитации;Работа с кассой;Ассистирование врачу;Сестринское дело;Осмотр на предприятии;Выполнение косметологических процедур;Выполнение медицинских манипуляций;Ведение медицинской документации;Работа в составе операционной бригады;Работа в роддоме (родильном зале);Выполнение анестезиологических процедур;Обеспечение расходными материалами, медикаментами и оборудованием;;;;;;;;;;;;;;;;;;;;;;;;;;;;;;;;;;;;;;;;;;;;;;;;;;;;;;;;;;;;;;;;;;;;;;;;;;;;;;;;;;;;;;;;;;;;;;;;;;;;;;;;;;;;;;;;;;;;;;;;;;;;;;;;;;;;;;;;;;;;;;;;;;;;;;;;;;;;;;;;;;;;;;;;;;;;;;;;;;;;;;;;;;;;;;;;;;;;;;;;;;;;;;;;;;;;;;;;;;;;;;;;;;;;;;;;;;;;;;;;;;;;;;;;;;;;;;;;;;;;;;;;;;;;;;;;;;;;;;;;;;;;;;;;;;;;;;;;;;;;;;;;;;;;;;;;;;;;;;;;;;;;
Медсестра;2,3;Выполнение массажа;Выполнение стоматологических процедур;Ведение медицинской документации;Проведение функциональных исследований;Использование крови и (или) ее компонентов;Работа в перевязочном (процедурном) кабинете;Взятие биоматериала пациента для исследований;Осмотр на предприятии;Применение лекарственных препаратов;Проведение доврачебного приема в рамках профилактического осмотра;Прием вызовов скорой медицинской помощи;Проведение мероприятий медицинской реабилитации;Работа с кассой;Допуск к профессиональной деятельности;Ассистирование врачу;Сестринское дело;Сестринское дело в педиатрии;Сестринское дело в эндоскопии;Организация безопасной среды для пациентов и персонала;Выполнение физиотерапевтических медицинских процедур;Оказание медицинской помощи в экстренной и неотложной форме;Работа с лечебным питанием (на пищеблоке);Работа в образовательной организации;Выполнение косметологических процедур;Работа в роддоме (родильном зале);Обеспечение расходными материалами, медикаментами и оборудованием;Выполнение медицинских манипуляций;Стерилизация инструментов;Уход за пациентом;Работа в составе операционной бригады;Выполнение анестезиологических процедур;Фармпредставительство;;;;;;;;;;;;;;;;;;;;;;;;;;;;;;;;;;;;;;;;;;;;;;;;;;;;;;;;;;;;;;;;;;;;;;;;;;;;;;;;;;;;;;;;;;;;;;;;;;;;;;;;;;;;;;;;;;;;;;;;;;;;;;;;;;;;;;;;;;;;;;;;;;;;;;;;;;;;;;;;;;;;;;;;;;;;;;;;;;;;;;;;;;;;;;;;;;;;;;;;;;;;;;;;;;;;;;;;;;;;;;;;;;;;;;;;;;;;;;;;;;;;;;;;;;;;;;;;;;;;;;;;;;;;;;;;;;;;;;;;;;;;;;;;;;;;;;;;;;;;;;;;;;;;;;;;;;;;;;;;;;;;
Медсестра;1;Сестринское дело в эндоскопии;Использование крови и (или) ее компонентов;Выполнение массажа;Проведение функциональных исследований;Работа в образовательной организации;Работа в перевязочном (процедурном) кабинете;Ведение медицинской документации;Сестринское дело;Взятие биоматериала пациента для исследований;Осмотр на предприятии;Уход за пациентом;Применение лекарственных препаратов;Организация безопасной среды для пациентов и персонала;Допуск к профессиональной деятельности;Проведение мероприятий медицинской реабилитации;Проведение доврачебного приема в рамках профилактического осмотра;Прием вызовов скорой медицинской помощи;Работа с кассой;Ассистирование врачу;Стерилизация инструментов;Выполнение стоматологических процедур;Выполнение физиотерапевтических медицинских процедур;Выполнение косметологических процедур;Сестринское дело в педиатрии;Работа в роддоме (родильном зале);Оказание медицинской помощи в экстренной и неотложной форме;Выполнение медицинских манипуляций;Работа с лечебным питанием (на пищеблоке);Работа в составе операционной бригады;Выполнение анестезиологических процедур;Фармпредставительство;Обеспечение расходными материалами, медикаментами и оборудованием;;;;;;;;;;;;;;;;;;;;;;;;;;;;;;;;;;;;;;;;;;;;;;;;;;;;;;;;;;;;;;;;;;;;;;;;;;;;;;;;;;;;;;;;;;;;;;;;;;;;;;;;;;;;;;;;;;;;;;;;;;;;;;;;;;;;;;;;;;;;;;;;;;;;;;;;;;;;;;;;;;;;;;;;;;;;;;;;;;;;;;;;;;;;;;;;;;;;;;;;;;;;;;;;;;;;;;;;;;;;;;;;;;;;;;;;;;;;;;;;;;;;;;;;;;;;;;;;;;;;;;;;;;;;;;;;;;;;;;;;;;;;;;;;;;;;;;;;;;;;;;;;;;;;;;;;;;;;;;;;;;;;
Слесарь-инструментальщик;1;Специальное ПО;Ремонт инструмента и приспособлений (слесарь-инструментальщик) / особо сложные;Система допусков и посадок;Ремонт инструмента и приспособлений (слесарь-инструментальщик) / сложные;Сборка и контроль инструмента и приспособлений (слесарь-инструментальщик) / особо сложные;Механическая обработка инструмента и приспособлений (слесарь-инструментальщик) / сложные;Механическая обработка инструмента и приспособлений (слесарь-инструментальщик) / особо сложные;Сборка и контроль инструмента и приспособлений (слесарь-инструментальщик) / сложные;;;;;;;;;;;;;;;;;;;;;;;;;;;;;;;;;;;;;;;;;;;;;;;;;;;;;;;;;;;;;;;;;;;;;;;;;;;;;;;;;;;;;;;;;;;;;;;;;;;;;;;;;;;;;;;;;;;;;;;;;;;;;;;;;;;;;;;;;;;;;;;;;;;;;;;;;;;;;;;;;;;;;;;;;;;;;;;;;;;;;;;;;;;;;;;;;;;;;;;;;;;;;;;;;;;;;;;;;;;;;;;;;;;;;;;;;;;;;;;;;;;;;;;;;;;;;;;;;;;;;;;;;;;;;;;;;;;;;;;;;;;;;;;;;;;;;;;;;;;;;;;;;;;;;;;;;;;;;;;;;;;;;;;;;;;;;;;;;;;;;;;;;;;;
Слесарь-инструментальщик;2,3;Специальное ПО;Механическая обработка инструмента и приспособлений (слесарь-инструментальщик) / сложные;Система допусков и посадок;Ремонт инструмента и приспособлений (слесарь-инструментальщик) / сложные;Сборка и контроль инструмента и приспособлений (слесарь-инструментальщик) / особо сложные;Сборка и контроль инструмента и приспособлений (слесарь-инструментальщик) / сложные;Механическая обработка инструмента и приспособлений (слесарь-инструментальщик) / особо сложные;Ремонт инструмента и приспособлений (слесарь-инструментальщик) / особо сложные;;;;;;;;;;;;;;;;;;;;;;;;;;;;;;;;;;;;;;;;;;;;;;;;;;;;;;;;;;;;;;;;;;;;;;;;;;;;;;;;;;;;;;;;;;;;;;;;;;;;;;;;;;;;;;;;;;;;;;;;;;;;;;;;;;;;;;;;;;;;;;;;;;;;;;;;;;;;;;;;;;;;;;;;;;;;;;;;;;;;;;;;;;;;;;;;;;;;;;;;;;;;;;;;;;;;;;;;;;;;;;;;;;;;;;;;;;;;;;;;;;;;;;;;;;;;;;;;;;;;;;;;;;;;;;;;;;;;;;;;;;;;;;;;;;;;;;;;;;;;;;;;;;;;;;;;;;;;;;;;;;;;;;;;;;;;;;;;;;;;;;;;;;;;
Слесарь-инструментальщик;0;Специальное ПО;Ремонт инструмента и приспособлений (слесарь-инструментальщик) / особо сложные;Сборка и контроль инструмента и приспособлений (слесарь-инструментальщик) / сложные;Механическая обработка инструмента и приспособлений (слесарь-инструментальщик) / сложные;Механическая обработка инструмента и приспособлений (слесарь-инструментальщик) / особо сложные;Ремонт инструмента и приспособлений (слесарь-инструментальщик) / сложные;Система допусков и посадок;Сборка и контроль инструмента и приспособлений (слесарь-инструментальщик) / особо сложные;;;;;;;;;;;;;;;;;;;;;;;;;;;;;;;;;;;;;;;;;;;;;;;;;;;;;;;;;;;;;;;;;;;;;;;;;;;;;;;;;;;;;;;;;;;;;;;;;;;;;;;;;;;;;;;;;;;;;;;;;;;;;;;;;;;;;;;;;;;;;;;;;;;;;;;;;;;;;;;;;;;;;;;;;;;;;;;;;;;;;;;;;;;;;;;;;;;;;;;;;;;;;;;;;;;;;;;;;;;;;;;;;;;;;;;;;;;;;;;;;;;;;;;;;;;;;;;;;;;;;;;;;;;;;;;;;;;;;;;;;;;;;;;;;;;;;;;;;;;;;;;;;;;;;;;;;;;;;;;;;;;;;;;;;;;;;;;;;;;;;;;;;;;;
Продавец;2,3;Знания расчетно-кассового обслуживания, кассовой дисциплины (торговля);Управление запасом товаров;Знание бухгалтерского учета в сфере торговли;Инвентаризация;Обслуживание покупателей/клиентов (торговля);Реализация билетов;Знание основ товароведения;Проведение инкассации;Обеспечение сохранности товара (ТМЦ);Знания кассового оборудования и ПО в сфере торговли;Взаимодействие с покупателями/поставщиками/клиентами;Знание санитарных норм и требований;Ведение кассовой отчетности;Ведение расчетно-кассовых операций;Работа с товаром;Консультирование покупателей;Знание правил обслуживания (торговля);Ведение первичной бухгалтерии (торговля);Знание правил безопасности и охраны труда;Контроль сроков годности товаров;Знание языков (торговля);Обслуживание покупателей за кассой;Нормативные правовые акты в сфере торговли;Прием платежей от населения;Составление и ведение отчетности (торговля);Соблюдение стандартов и правил (торговля);Соблюдение чистоты и санитарных норм/правил;Демонстрация товара;Соблюдение правил расчетно-кассового обслуживания;Участие в промоакциях и информирование о скидках;Продажа товара;Работа с ПО (торговля);Знание документооборота и делопроизводства;1С, MS Office (торговля);;;;;;;;;;;;;;;;;;;;;;;;;;;;;;;;;;;;;;;;;;;;;;;;;;;;;;;;;;;;;;;;;;;;;;;;;;;;;;;;;;;;;;;;;;;;;;;;;;;;;;;;;;;;;;;;;;;;;;;;;;;;;;;;;;;;;;;;;;;;;;;;;;;;;;;;;;;;;;;;;;;;;;;;;;;;;;;;;;;;;;;;;;;;;;;;;;;;;;;;;;;;;;;;;;;;;;;;;;;;;;;;;;;;;;;;;;;;;;;;;;;;;;;;;;;;;;;;;;;;;;;;;;;;;;;;;;;;;;;;;;;;;;;;;;;;;;;;;;;;;;;;;;;;;;;;;;;;;;;;;;
Продавец;1;Управление запасом товаров;Знания расчетно-кассового обслуживания, кассовой дисциплины (торговля);Обеспечение сохранности товара (ТМЦ);Демонстрация товара;Прием платежей от населения;Инвентаризация;Соблюдение чистоты и санитарных норм/правил;Знание основ товароведения;Проведение инкассации;Ведение первичной бухгалтерии (торговля);Нормативные правовые акты в сфере торговли;Контроль сроков годности товаров;Соблюдение правил расчетно-кассового обслуживания;Реализация билетов;Ведение кассовой отчетности;Ведение расчетно-кассовых операций;Работа с товаром;Консультирование покупателей;Знание правил обслуживания (торговля);Знание правил безопасности и охраны труда;Взаимодействие с покупателями/поставщиками/клиентами;Обслуживание покупателей/клиентов (торговля);Знание бухгалтерского учета в сфере торговли;Обслуживание покупателей за кассой;Знание языков (торговля);Знание санитарных норм и требований;Работа с ПО (торговля);Знания кассового оборудования и ПО в сфере торговли;1С, MS Office (торговля);Соблюдение стандартов и правил (торговля);Составление и ведение отчетности (торговля);Продажа товара;Участие в промоакциях и информирование о скидках;Знание документооборота и делопроизводства;;;;;;;;;;;;;;;;;;;;;;;;;;;;;;;;;;;;;;;;;;;;;;;;;;;;;;;;;;;;;;;;;;;;;;;;;;;;;;;;;;;;;;;;;;;;;;;;;;;;;;;;;;;;;;;;;;;;;;;;;;;;;;;;;;;;;;;;;;;;;;;;;;;;;;;;;;;;;;;;;;;;;;;;;;;;;;;;;;;;;;;;;;;;;;;;;;;;;;;;;;;;;;;;;;;;;;;;;;;;;;;;;;;;;;;;;;;;;;;;;;;;;;;;;;;;;;;;;;;;;;;;;;;;;;;;;;;;;;;;;;;;;;;;;;;;;;;;;;;;;;;;;;;;;;;;;;;;;;;;;;
Продавец;0;Знания расчетно-кассового обслуживания, кассовой дисциплины (торговля);Обслуживание покупателей за кассой;1С, MS Office (торговля);Инвентаризация;Управление запасом товаров;Прием платежей от населения;Знания кассового оборудования и ПО в сфере торговли;Ведение первичной бухгалтерии (торговля);Работа с ПО (торговля);Соблюдение стандартов и правил (торговля);Знание правил обслуживания (торговля);Знание бухгалтерского учета в сфере торговли;Ведение кассовой отчетности;Ведение расчетно-кассовых операций;Работа с товаром;Консультирование покупателей;Обслуживание покупателей/клиентов (торговля);Знание основ товароведения;Знание правил безопасности и охраны труда;Контроль сроков годности товаров;Соблюдение чистоты и санитарных норм/правил;Демонстрация товара;Проведение инкассации;Знание языков (торговля);Продажа товара;Взаимодействие с покупателями/поставщиками/клиентами;Реализация билетов;Знание санитарных норм и требований;Обеспечение сохранности товара (ТМЦ);Нормативные правовые акты в сфере торговли;Участие в промоакциях и информирование о скидках;Соблюдение правил расчетно-кассового обслуживания;Составление и ведение отчетности (торговля);Знание документооборота и делопроизводства;;;;;;;;;;;;;;;;;;;;;;;;;;;;;;;;;;;;;;;;;;;;;;;;;;;;;;;;;;;;;;;;;;;;;;;;;;;;;;;;;;;;;;;;;;;;;;;;;;;;;;;;;;;;;;;;;;;;;;;;;;;;;;;;;;;;;;;;;;;;;;;;;;;;;;;;;;;;;;;;;;;;;;;;;;;;;;;;;;;;;;;;;;;;;;;;;;;;;;;;;;;;;;;;;;;;;;;;;;;;;;;;;;;;;;;;;;;;;;;;;;;;;;;;;;;;;;;;;;;;;;;;;;;;;;;;;;;;;;;;;;;;;;;;;;;;;;;;;;;;;;;;;;;;;;;;;;;;;;;;;;
Слесарь-КИПиА;0;Эксплуатация, обслуживание и ремонт КИПиА / сложные;Знания для слесарей КИПиА;Эксплуатация, обслуживание и ремонт КИПиА / простые и средней сложности;Эксплуатация, обслуживание и ремонт КИПиА / особо сложные;Сборка, настройка и испытание КИПиА / простые и средней сложности;Сборка, настройка и испытание КИПиА / сложные;;;;;;;;;;;;;;;;;;;;;;;;;;;;;;;;;;;;;;;;;;;;;;;;;;;;;;;;;;;;;;;;;;;;;;;;;;;;;;;;;;;;;;;;;;;;;;;;;;;;;;;;;;;;;;;;;;;;;;;;;;;;;;;;;;;;;;;;;;;;;;;;;;;;;;;;;;;;;;;;;;;;;;;;;;;;;;;;;;;;;;;;;;;;;;;;;;;;;;;;;;;;;;;;;;;;;;;;;;;;;;;;;;;;;;;;;;;;;;;;;;;;;;;;;;;;;;;;;;;;;;;;;;;;;;;;;;;;;;;;;;;;;;;;;;;;;;;;;;;;;;;;;;;;;;;;;;;;;;;;;;;;;;;;;;;;;;;;;;;;;;;;;;;;;;
Слесарь-КИПиА;2,3;Эксплуатация, обслуживание и ремонт КИПиА / особо сложные;Сборка, настройка и испытание КИПиА / простые и средней сложности;Эксплуатация, обслуживание и ремонт КИПиА / сложные;Знания для слесарей КИПиА;Эксплуатация, обслуживание и ремонт КИПиА / простые и средней сложности;Сборка, настройка и испытание КИПиА / сложные;;;;;;;;;;;;;;;;;;;;;;;;;;;;;;;;;;;;;;;;;;;;;;;;;;;;;;;;;;;;;;;;;;;;;;;;;;;;;;;;;;;;;;;;;;;;;;;;;;;;;;;;;;;;;;;;;;;;;;;;;;;;;;;;;;;;;;;;;;;;;;;;;;;;;;;;;;;;;;;;;;;;;;;;;;;;;;;;;;;;;;;;;;;;;;;;;;;;;;;;;;;;;;;;;;;;;;;;;;;;;;;;;;;;;;;;;;;;;;;;;;;;;;;;;;;;;;;;;;;;;;;;;;;;;;;;;;;;;;;;;;;;;;;;;;;;;;;;;;;;;;;;;;;;;;;;;;;;;;;;;;;;;;;;;;;;;;;;;;;;;;;;;;;;;;
Слесарь-КИПиА;1;Эксплуатация, обслуживание и ремонт КИПиА / особо сложные;Знания для слесарей КИПиА;Сборка, настройка и испытание КИПиА / простые и средней сложности;Сборка, настройка и испытание КИПиА / сложные;Эксплуатация, обслуживание и ремонт КИПиА / сложные;Эксплуатация, обслуживание и ремонт КИПиА / простые и средней сложности;;;;;;;;;;;;;;;;;;;;;;;;;;;;;;;;;;;;;;;;;;;;;;;;;;;;;;;;;;;;;;;;;;;;;;;;;;;;;;;;;;;;;;;;;;;;;;;;;;;;;;;;;;;;;;;;;;;;;;;;;;;;;;;;;;;;;;;;;;;;;;;;;;;;;;;;;;;;;;;;;;;;;;;;;;;;;;;;;;;;;;;;;;;;;;;;;;;;;;;;;;;;;;;;;;;;;;;;;;;;;;;;;;;;;;;;;;;;;;;;;;;;;;;;;;;;;;;;;;;;;;;;;;;;;;;;;;;;;;;;;;;;;;;;;;;;;;;;;;;;;;;;;;;;;;;;;;;;;;;;;;;;;;;;;;;;;;;;;;;;;;;;;;;;;;
Сварщик;1;Сварка в среде аргона (РАД)​;Газовая сварка;Сварка нагретым инструментом;Плазменная резка;Строгание / строжка;Бензо- и керосино- резание;Удостоверение / сертификация НАКС;Сварка в среде защитного газа;Сварка без конкретизации вида/оборудования;Газовая резка;Чтение технической  документации, проектов, чертежей, схем;Ручная сварка;Наплавка;Сварка и резка под водой;Дуговая сварка;;;;;;;;;;;;;;;;;;;;;;;;;;;;;;;;;;;;;;;;;;;;;;;;;;;;;;;;;;;;;;;;;;;;;;;;;;;;;;;;;;;;;;;;;;;;;;;;;;;;;;;;;;;;;;;;;;;;;;;;;;;;;;;;;;;;;;;;;;;;;;;;;;;;;;;;;;;;;;;;;;;;;;;;;;;;;;;;;;;;;;;;;;;;;;;;;;;;;;;;;;;;;;;;;;;;;;;;;;;;;;;;;;;;;;;;;;;;;;;;;;;;;;;;;;;;;;;;;;;;;;;;;;;;;;;;;;;;;;;;;;;;;;;;;;;;;;;;;;;;;;;;;;;;;;;;;;;;;;;;;;;;;;;;;;;;;;;;;;;;;
Сварщик;2,3;Сварка нагретым инструментом;Чтение технической  документации, проектов, чертежей, схем;Строгание / строжка;Сварка без конкретизации вида/оборудования;Сварка и резка под водой;Сварка в среде аргона (РАД)​;Удостоверение / сертификация НАКС;Газовая резка;Дуговая сварка;Наплавка;Газовая сварка;Бензо- и керосино- резание;Плазменная резка;Ручная сварка;Сварка в среде защитного газа;;;;;;;;;;;;;;;;;;;;;;;;;;;;;;;;;;;;;;;;;;;;;;;;;;;;;;;;;;;;;;;;;;;;;;;;;;;;;;;;;;;;;;;;;;;;;;;;;;;;;;;;;;;;;;;;;;;;;;;;;;;;;;;;;;;;;;;;;;;;;;;;;;;;;;;;;;;;;;;;;;;;;;;;;;;;;;;;;;;;;;;;;;;;;;;;;;;;;;;;;;;;;;;;;;;;;;;;;;;;;;;;;;;;;;;;;;;;;;;;;;;;;;;;;;;;;;;;;;;;;;;;;;;;;;;;;;;;;;;;;;;;;;;;;;;;;;;;;;;;;;;;;;;;;;;;;;;;;;;;;;;;;;;;;;;;;;;;;;;;;
Сварщик;0;Сварка в среде аргона (РАД)​;Плазменная резка;Сварка и резка под водой;Бензо- и керосино- резание;Сварка нагретым инструментом;Газовая сварка;Удостоверение / сертификация НАКС;Газовая резка;Чтение технической  документации, проектов, чертежей, схем;Дуговая сварка;Сварка в среде защитного газа;Строгание / строжка;Сварка без конкретизации вида/оборудования;Наплавка;Ручная сварка;;;;;;;;;;;;;;;;;;;;;;;;;;;;;;;;;;;;;;;;;;;;;;;;;;;;;;;;;;;;;;;;;;;;;;;;;;;;;;;;;;;;;;;;;;;;;;;;;;;;;;;;;;;;;;;;;;;;;;;;;;;;;;;;;;;;;;;;;;;;;;;;;;;;;;;;;;;;;;;;;;;;;;;;;;;;;;;;;;;;;;;;;;;;;;;;;;;;;;;;;;;;;;;;;;;;;;;;;;;;;;;;;;;;;;;;;;;;;;;;;;;;;;;;;;;;;;;;;;;;;;;;;;;;;;;;;;;;;;;;;;;;;;;;;;;;;;;;;;;;;;;;;;;;;;;;;;;;;;;;;;;;;;;;;;;;;;;;;;;;;
Слесарь;2,3;Ремонт инструмента и приспособлений (слесарь-инструментальщик) / простые и средней сложности;Разметка / Механическая обработка / Слесарь МСР;Механическая обработка деталей и узлов (слесари) / простые и средней сложности;Сборка, настройка и испытание КИПиА / простые и средней сложности;Использование контрольно-измерительного инструмента;Специфичные знания для всех слесарей;Сборка и контроль инструмента и приспособлений (слесарь-инструментальщик) / сложные;Сборка, настройка и испытание КИПиА / особо сложные;Резка / Механическая обработка / Слесарь МСР;Сборка, настройка и испытание КИПиА / сложные;Сверление / Механическая обработка / Слесарь МСР;Механическая обработка инструмента и приспособлений (слесарь-инструментальщик) / простые и средней сложности;Система допусков и посадок;Такелажные работы (работа с грузоподъемными механизмами);Знания для слесарей КИПиА;Сборка и контроль инструмента и приспособлений (слесарь-инструментальщик) / особо сложные;Пригонка / Механическая обработка / Слесарь МСР;Ремонт деталей, узлов, оборудования (слесарь-ремонтник, слесарь КИПиА) /особо сложные;Сборка и контроль инструмента и приспособлений (слесарь-инструментальщик) / простые и средней сложности;Зачистка / Механическая обработка / Слесарь МСР;Шабрение / Механическая обработка / Слесарь МСР;Ремонт деталей, узлов, оборудования (слесарь-ремонтник, слесарь КИПиА) /сложные;Ремонт инструмента и приспособлений (слесарь-инструментальщик) / сложные;Специальное ПО;Сборка, настройка и испытание узлов, механизмов и оборудования (слесарь МСР) /особо сложные;Механическая обработка деталей и узлов (слесари) / особо сложные;Механическая обработка деталей и узлов (слесари) / сложные;Эксплуатация, обслуживание и ремонт КИПиА / сложные;Нарезка резьбы / Механическая обработка / Слесарь МСР;Эксплуатация, обслуживание и ремонт КИПиА / простые и средней сложности;Сборка, настройка и испытание узлов, механизмов и оборудования (слесарь МСР) / сложные;Сборка, настройка и испытание узлов, механизмов и оборудования (слесарь МСР) / простые и средней сложности;Ремонт деталей, узлов, оборудования (слесарь-ремонтник, слесарь КИПиА)/простые и средней сложности;;;;;;;;;;;;;;;;;;;;;;;;;;;;;;;;;;;;;;;;;;;;;;;;;;;;;;;;;;;;;;;;;;;;;;;;;;;;;;;;;;;;;;;;;;;;;;;;;;;;;;;;;;;;;;;;;;;;;;;;;;;;;;;;;;;;;;;;;;;;;;;;;;;;;;;;;;;;;;;;;;;;;;;;;;;;;;;;;;;;;;;;;;;;;;;;;;;;;;;;;;;;;;;;;;;;;;;;;;;;;;;;;;;;;;;;;;;;;;;;;;;;;;;;;;;;;;;;;;;;;;;;;;;;;;;;;;;;;;;;;;;;;;;;;;;;;;;;;;;;;;;;;;;;;;;;;;;;;;;;;;;
Слесарь;0;Нарезка резьбы / Механическая обработка / Слесарь МСР;Разметка / Механическая обработка / Слесарь МСР;Использование контрольно-измерительного инструмента;Сборка и контроль инструмента и приспособлений (слесарь-инструментальщик) / сложные;Эксплуатация, обслуживание и ремонт КИПиА / сложные;Ремонт деталей, узлов, оборудования (слесарь-ремонтник, слесарь КИПиА)/простые и средней сложности;Знания для слесарей КИПиА;Пригонка / Механическая обработка / Слесарь МСР;Сборка и контроль инструмента и приспособлений (слесарь-инструментальщик) / особо сложные;Ремонт инструмента и приспособлений (слесарь-инструментальщик) / сложные;Шабрение / Механическая обработка / Слесарь МСР;Сборка, настройка и испытание КИПиА / особо сложные;Специальное ПО;Сборка, настройка и испытание КИПиА / сложные;Система допусков и посадок;Такелажные работы (работа с грузоподъемными механизмами);Сверление / Механическая обработка / Слесарь МСР;Механическая обработка инструмента и приспособлений (слесарь-инструментальщик) / простые и средней сложности;Механическая обработка деталей и узлов (слесари) / простые и средней сложности;Сборка, настройка и испытание узлов, механизмов и оборудования (слесарь МСР) / сложные;Резка / Механическая обработка / Слесарь МСР;Зачистка / Механическая обработка / Слесарь МСР;Сборка и контроль инструмента и приспособлений (слесарь-инструментальщик) / простые и средней сложности;Механическая обработка деталей и узлов (слесари) / сложные;Сборка, настройка и испытание КИПиА / простые и средней сложности;Сборка, настройка и испытание узлов, механизмов и оборудования (слесарь МСР) / простые и средней сложности;Специфичные знания для всех слесарей;Сборка, настройка и испытание узлов, механизмов и оборудования (слесарь МСР) /особо сложные;Механическая обработка деталей и узлов (слесари) / особо сложные;Ремонт деталей, узлов, оборудования (слесарь-ремонтник, слесарь КИПиА) /сложные;Ремонт деталей, узлов, оборудования (слесарь-ремонтник, слесарь КИПиА) /особо сложные;Ремонт инструмента и приспособлений (слесарь-инструментальщик) / простые и средней сложности;Эксплуатация, обслуживание и ремонт КИПиА / простые и средней сложности;;;;;;;;;;;;;;;;;;;;;;;;;;;;;;;;;;;;;;;;;;;;;;;;;;;;;;;;;;;;;;;;;;;;;;;;;;;;;;;;;;;;;;;;;;;;;;;;;;;;;;;;;;;;;;;;;;;;;;;;;;;;;;;;;;;;;;;;;;;;;;;;;;;;;;;;;;;;;;;;;;;;;;;;;;;;;;;;;;;;;;;;;;;;;;;;;;;;;;;;;;;;;;;;;;;;;;;;;;;;;;;;;;;;;;;;;;;;;;;;;;;;;;;;;;;;;;;;;;;;;;;;;;;;;;;;;;;;;;;;;;;;;;;;;;;;;;;;;;;;;;;;;;;;;;;;;;;;;;;;;;;
Слесарь;1;Сверление / Механическая обработка / Слесарь МСР;Нарезка резьбы / Механическая обработка / Слесарь МСР;Механическая обработка деталей и узлов (слесари) / простые и средней сложности;Специфичные знания для всех слесарей;Использование контрольно-измерительного инструмента;Сборка и контроль инструмента и приспособлений (слесарь-инструментальщик) / простые и средней сложности;Ремонт деталей, узлов, оборудования (слесарь-ремонтник, слесарь КИПиА) /особо сложные;Ремонт деталей, узлов, оборудования (слесарь-ремонтник, слесарь КИПиА)/простые и средней сложности;Ремонт инструмента и приспособлений (слесарь-инструментальщик) / сложные;Ремонт инструмента и приспособлений (слесарь-инструментальщик) / простые и средней сложности;Сборка и контроль инструмента и приспособлений (слесарь-инструментальщик) / сложные;Шабрение / Механическая обработка / Слесарь МСР;Резка / Механическая обработка / Слесарь МСР;Зачистка / Механическая обработка / Слесарь МСР;Механическая обработка инструмента и приспособлений (слесарь-инструментальщик) / простые и средней сложности;Пригонка / Механическая обработка / Слесарь МСР;Сборка, настройка и испытание КИПиА / простые и средней сложности;Система допусков и посадок;Такелажные работы (работа с грузоподъемными механизмами);Сборка и контроль инструмента и приспособлений (слесарь-инструментальщик) / особо сложные;Ремонт деталей, узлов, оборудования (слесарь-ремонтник, слесарь КИПиА) /сложные;Разметка / Механическая обработка / Слесарь МСР;Сборка, настройка и испытание КИПиА / особо сложные;Сборка, настройка и испытание КИПиА / сложные;Эксплуатация, обслуживание и ремонт КИПиА / простые и средней сложности;Сборка, настройка и испытание узлов, механизмов и оборудования (слесарь МСР) / простые и средней сложности;Механическая обработка деталей и узлов (слесари) / сложные;Специальное ПО;Сборка, настройка и испытание узлов, механизмов и оборудования (слесарь МСР) /особо сложные;Знания для слесарей КИПиА;Эксплуатация, обслуживание и ремонт КИПиА / сложные;Сборка, настройка и испытание узлов, механизмов и оборудования (слесарь МСР) / сложные;Механическая обработка деталей и узлов (слесари) / особо сложные;;;;;;;;;;;;;;;;;;;;;;;;;;;;;;;;;;;;;;;;;;;;;;;;;;;;;;;;;;;;;;;;;;;;;;;;;;;;;;;;;;;;;;;;;;;;;;;;;;;;;;;;;;;;;;;;;;;;;;;;;;;;;;;;;;;;;;;;;;;;;;;;;;;;;;;;;;;;;;;;;;;;;;;;;;;;;;;;;;;;;;;;;;;;;;;;;;;;;;;;;;;;;;;;;;;;;;;;;;;;;;;;;;;;;;;;;;;;;;;;;;;;;;;;;;;;;;;;;;;;;;;;;;;;;;;;;;;;;;;;;;;;;;;;;;;;;;;;;;;;;;;;;;;;;;;;;;;;;;;;;;;
Слесарь-ремонтник;2,3;Ремонт деталей, узлов, оборудования (слесарь-ремонтник, слесарь КИПиА) /особо сложные;Механическая обработка инструмента и приспособлений (слесарь-инструментальщик) / простые и средней сложности;Ремонт инструмента и приспособлений (слесарь-инструментальщик) / простые и средней сложности;;;;;;;;;;;;;;;;;;;;;;;;;;;;;;;;;;;;;;;;;;;;;;;;;;;;;;;;;;;;;;;;;;;;;;;;;;;;;;;;;;;;;;;;;;;;;;;;;;;;;;;;;;;;;;;;;;;;;;;;;;;;;;;;;;;;;;;;;;;;;;;;;;;;;;;;;;;;;;;;;;;;;;;;;;;;;;;;;;;;;;;;;;;;;;;;;;;;;;;;;;;;;;;;;;;;;;;;;;;;;;;;;;;;;;;;;;;;;;;;;;;;;;;;;;;;;;;;;;;;;;;;;;;;;;;;;;;;;;;;;;;;;;;;;;;;;;;;;;;;;;;;;;;;;;;;;;;;;;;;;;;;;;;;;;;;;;;;;;;;;;;;;;;;;;;;;
Слесарь-ремонтник;1;Ремонт деталей, узлов, оборудования (слесарь-ремонтник, слесарь КИПиА) /особо сложные;Механическая обработка инструмента и приспособлений (слесарь-инструментальщик) / простые и средней сложности;Ремонт инструмента и приспособлений (слесарь-инструментальщик) / простые и средней сложности;;;;;;;;;;;;;;;;;;;;;;;;;;;;;;;;;;;;;;;;;;;;;;;;;;;;;;;;;;;;;;;;;;;;;;;;;;;;;;;;;;;;;;;;;;;;;;;;;;;;;;;;;;;;;;;;;;;;;;;;;;;;;;;;;;;;;;;;;;;;;;;;;;;;;;;;;;;;;;;;;;;;;;;;;;;;;;;;;;;;;;;;;;;;;;;;;;;;;;;;;;;;;;;;;;;;;;;;;;;;;;;;;;;;;;;;;;;;;;;;;;;;;;;;;;;;;;;;;;;;;;;;;;;;;;;;;;;;;;;;;;;;;;;;;;;;;;;;;;;;;;;;;;;;;;;;;;;;;;;;;;;;;;;;;;;;;;;;;;;;;;;;;;;;;;;;;
Слесарь-ремонтник;0;Ремонт деталей, узлов, оборудования (слесарь-ремонтник, слесарь КИПиА) /особо сложные;Ремонт инструмента и приспособлений (слесарь-инструментальщик) / простые и средней сложности;Механическая обработка инструмента и приспособлений (слесарь-инструментальщик) / простые и средней сложности;;;;;;;;;;;;;;;;;;;;;;;;;;;;;;;;;;;;;;;;;;;;;;;;;;;;;;;;;;;;;;;;;;;;;;;;;;;;;;;;;;;;;;;;;;;;;;;;;;;;;;;;;;;;;;;;;;;;;;;;;;;;;;;;;;;;;;;;;;;;;;;;;;;;;;;;;;;;;;;;;;;;;;;;;;;;;;;;;;;;;;;;;;;;;;;;;;;;;;;;;;;;;;;;;;;;;;;;;;;;;;;;;;;;;;;;;;;;;;;;;;;;;;;;;;;;;;;;;;;;;;;;;;;;;;;;;;;;;;;;;;;;;;;;;;;;;;;;;;;;;;;;;;;;;;;;;;;;;;;;;;;;;;;;;;;;;;;;;;;;;;;;;;;;;;;;;
Бухгалтер;0;Банк-клиент;Знание порядка ведения книги продаж/книги покупок;Ведение бухгалтерского и налогового учета ИП;ведение и учет банковских операций;Формирование и ведение книги покупок /книги продаж;Учет расчетов по оплате труда;Отчетность по НДС;Контроль денежных средств;Руководит формированием информационной системы бухгалтерского учета и отчетности;Взаимодействие с ИФНС/ФНС;Денежное измерение объектов бухгалтерского учета;Составление сводных учетных документов;Знание методов проведения финансового анализа;Банковские операции;Контроль соблюдения изменений законодательства;(О) Ведение первичной документации;знание гражданского законодательства;перечисление заработной платы;Обеспечивает своевременное и точное отражение на счетах бухгалтерского учета;знание работы с компьютером;учет товарно-материальных ценностей;Учет затрат;(О) Проведение инвентаризации;Умение работать/цифровые компетенции;контроль оплаты счетов;Учет расчетов с поставщиками;Учет расчетов с контрагентами;Осуществлять контроль;(О) Взаимодействие с контролирующими органами;Подготовка и помощь в подготовке документов;Проверка НДС/подтверждение 0 ставки по НДС;Контроль (общая тестовая папка);учет основных средств;Составление и сдача налоговых деклараций;расчет заработной платы;Знание административного права;Обработка документации от поставщиков;Организация и контроль за внутренним и внешним документооборотом;(О) Ведение управленческого учета;Профессиональные качества бухгалтера при работе с компьютером;расчет себестоимости;Ревизии финансово-хозяйственной деятельности;Сверка расчетов;Контроль оплаты;контроль проведения инвентаризации;Работа по запросам;Оформление таможенных документов;(О) Ведение бухгалтерского учета в бюджетной сфере;Удалить работать с большим объемом информации;Подготовка и оформление платежных поручений;Ведение бухгалтерского учета имущества;Внедрять прогрессивные методы и формы бухгалтерского учета;Составление отчетности по МСФО;(О) Контроль ведения бухгалтерского и налогового учета;работа со счетами;Ведение синтетического и аналитического учета;Контроль соблюдения сроков;Учет договоров;Выполнение поручений;Инвентаризация дебиторской и кредиторской задолженности;аккуратность при работе с документами;Учет дебиторской и кредиторской задолженности;Знание налогового учета;знание работы с кассовым аппаратом;Перспективы карьерного роста;Ведение учета ТМЦ в 1С;Контроль и анализ;Расчетный счет;Оформление вычетов по НДФЛ;Контроль движения ТМЦ;расчет налогов, страховых взносов;Подготовка справок по заработной плате;Эквайринг;Расчеты с подотчетными лицами;Специальная подготовка по компьютерным программам;знание первичной бухгалтерской документации;Перечисление платежей;(О) Взаимодействие с банками;Прием платежей от клиентов;расчет больничных;Оформление документов для контрагентов;Взаимодействие с поставщиками;Контроль дебиторской и кредиторской задолженности;Соблюдение финансовой дисциплины;владение ПК;контроль наличия оригиналов документа;Справочно-правовые системы;Подготовка документов для кредитования;Знание договоров;Организация и постановка бухгалтерского учета;Ведение бухгалтерского и налогового учета;Сверка данных бухгалтерского учета;Проведение платежей;Учет банковских ссуд;оформление первичной документации;Отчетность в Пенсионный фонд России;Управление финансовыми потоками.;Контроль  всех участков учета;Контроль за сохранностью документов;Составление авансовых отчетов;Ведение лицевых счетов;Организация бухгалтерского и налогового учета;знание и ведение бухгалтерского учета и налогообложения ВЭД;Знание кадрового делопроизводства;Контроль соблюдения графика отпусков;Знание основных участков;Бизнес-процессы;Подготовка документов для банка;(О) Ведение бухгалтерского учета;Ведение участка взаиморасчетов и контроль взаиморасчетов;Компьютерные программы для ведения бухгалтерского учета;контроль работы бухгалтерии;Финансово-хозяйственные операции;Компьютерные офисные программы;(О) Автоматизация бухгалтерского учета;Обеспечение правильности оформления документов и отслеживание возврата;Система налогообложения;Знание учета ТМЦ;Обработка первичной документации по заработной плате;Работа с договорами;Знание бухгалтерского бюджетного учета;ввод первичной документации в 1С;Обеспечение контроля;Учет, контроль выручки/доход;Ведение реестра первичных документов;Подготовка и ведение реестров;Оформление бухгалтерских документов;Умение анализировать;Составление отчетности на основе первичной документации;Знание правил оформления бухгалтерских документов;Возмещение НДС из бюджета;Руководство  бухгалтерией;Знание правил проведения инвентаризаций;Проверка данных с использованием 1С;выставление счетов;Проверка первичных учетных документов;знание компьютерных офисных программ;Валютный контроль;Отслеживание изменений законодательства Республики Казахстан;контроль правильности оформления бухгалтерских документов;Оформление акта выполненных работ;Осуществление внутреннего контроля ведения бухгалтерского учет;Ведение деловой переписки с контрагентами;(О) Работа кассиром;(О) Навыки работы с компьютерными программами;Осуществление удержаний из заработной платы;Знание НДС;Кадровый учет;Умение работать с большим объемом документов;знание валютного законодательства;Документальной оформление реализации товаров, работ, услуг;Вносить изменения в нормативную базу;складской учет;взаимодействие со структурными подразделениями организации;Расчеты с покупателями и заказчиками;(О) Умение работать с большим объемом информации;Оформление результатов инвентаризации;Планирование графика платежей;Расчет и начисление платежей;Материальная помощь;Учет расчетов и платежей;Области знаний бухгалтера;Ведение реестра платежей;Знание законодательства пенсионной системы РФ;(О) Взаимодействие с контрагентами;Сбор документов;контроль формирования себестоимости;Работа с поставщиками;Знание всех участков бухгалтерского учета;Составление актов сверок;Участие в налоговых проверках;оформление кадровых документов и приказов;контроль остатков;Анализ дебиторской и кредиторской задолженности;Методы и формы бухгалтерского учета;знание специфики ведения учета торговли;ведение кадрового учета;знание финансового законодательства;(О) Архивирование  документов;Работа с онлайн кассами;Виды проверок бухгалтерских документов;Работа с первичной документацией;знание законодательства кассовых операций;Знание программ 1С;Знание МСФО;Знание нормативно-правовых актов;Знание законодательства в сфере ЖКХ;Составление отчетных калькуляций, калькуляций себестоимости продукции (работ, услуг);Перечисление налогов и страховых взносов;Учетная политика организации;Контроль за учетом имущества и обязательств;знание бухгалтерской и налоговой отчетности;знание российского законодательства;(О) Валютные операции;контроль договоров;Умение применять нормативно-правовые акты;Учет финансово-хозяйственной деятельности организации;Взаимодействие с финансово-кредитными организациями;участие в автоматизации процессов учета;Начисление по договорам;Виды платежей;Работа с дебиторской и кредиторской задолженностью;умение вести деловую переписку, переговоры, коммуницировать;Подготовка и сдача отчетности по НДФЛ;проверка правильности ведения учета/синхронизации учетных данных в базе;начисление различных видов пособий;Начисление ЖКУ;Начисление удержаний из Заработной платы;Работа с виртуальным складом;обеспечение сохранности ТМЦ;Замещение главного бухгалтера;Ведение и учет путевых листов;(О) Подготовка и сдача бухгалтерской отчетности;Составление оборотно-сальдовой ведомости;Выявление внутрихозяйственных резервов;Ведение регистров бухгалтерского учета;Учет издержек, сырья, готовой продукции;Разработка методических документов, методические документы по бюджетированию;Составление, анализ управленческой отчетности;(О) Управление персоналом;проверка правильности ведения учета/заполнения документов в строительной сфере;Работа с инкассацией;Документы бухгалтерского/налогового учета:накладные, акты;Работа с электронными ресурсами;Ведение работ по различным видам оперативного учета;Выявление источников образования потерь и непроизводительных расходов;Осуществление безналичных платежей;Работа с возвратами;Участие в тендерах;(О) Работа с документами (кроме первичных);(О) Заработная плата;(О) Платежи;учет финансовых вложений;Пользователь офисных компьютерных программ;Работа с банковскими картами;Учет отпуска;План счетов бухгалтерского учета финансово-хозяйственной деятельности организаций;Работа со счетами бухгалтерского учета;формирование платежных ведомостей;расчет отпускных;Организация и ведение документооборота;Ведение бухгалтерского учета нескольких юридических лиц (организаций);знание законодательства по бухгалтерскому учету;Учет расчетов по кредитам и займам;Формирование отчетности по заработной плате;Работа с интернет-банкингом;Консультирование по вопросам бухгалтерского и налогового учета;Учет расходов;Формирование первичной документации по учету ТМЦ;Контроль правильности расчетов и начисления платежей;(О) Подготовка и сдача статистической отчетности;Учет ТМЦ;Контроль формирования отчетности;контроль расчетов по заработной плате;Взаимодействие с ГВБФ РФ;Работа с документами в ЭДО;Ведение бухгалтерского и налогового учета УСН;(О) Работать с программой 1С;Учет и списание дебиторской задолженности;Ведение бухгалтерского и налогового учета в строительной организации;Представление бухгалтерской отчетности в уполномоченные органы;знание 1С торговля;Финансирование капитальных вложений;Работа с актами сверок;Учет реализации товаров, работ, услуг;Предоставление бухгалтерской информации/документов/отчетности;Обеспечение данными для проведения инвентаризаций;Знание Банк-клиент;Учет движения денежных средств;знание законодательства Республики Беларусь;Документы для проведения финансового анализа;Инвентаризация ТМЦ;Знание основ и теории бухгалтерского учета;Подготовка документов для проведения налоговых проверок;Контроль учета ТМЦ;Оформление товарно-транспортных накладных;Знание бюджетного законодательства;Оформление товара;Помощь по бухгалтерскому учету;Оформление зарплатных карт;Оформление и отражение в учете авансовых отчетов;проверка счетов бухгалтерского учета;Технологические калькуляционные карты;Учет финансовых результатов;Выявление недостач, принятие мер по предупреждению недостач, списание недостач со счетов бухгалтерского учета;Учет НДС;(О) Ведение кадрового делопроизводства;работа с кассовыми и банковскими документами;Составление бухгалтерского баланса;участие в инвентаризации;Контроль уплаты налогов и страховых взносов;Работа со счетами-фактурами;Работа с банковскими счетами;Выставление первичных документов;Методическая помощь;Знание трудового законодательства;(О) Составление и сдача налоговой отчетности;ведение бухгалтерского учета в торговле;Знание налогового законодательства;Принятие к учету первичных учетных документов о фактах хозяйственной жизни экономического субъекта;контроль финансово-хозяйственной деятельности;сверка с контрагентами;1С Инструменты;Разработка форм документов для внутренней отчетности;Систематизация первичной документации;Ведение реестров договоров;Работа с банковскими выписками;Проверка документов;Учет доходов;Риски финансово-хозяйственной деятельности;Справки- Ответы на запросы;Ведение реестра дебиторской и кредиторской задолженности;Отражение первичной документации;Контроль учета рабочего времени;Подготовка и сдача бухгалтерской и налоговой отчетности;Преимущества претендента на должность бухгалтер;Проверка книги покупок/книги продаж;Оплата счетов;Подготовка, формирование  и сдача отчетности в ИФНС/ФНС;Контроль учета и ведения реестра федерального имущества;Оформление отпуска;знание таможенного законодательства;Работа с электронным документооборотом;Взаимодействие с аудиторами;Правила и нормы отражения различных объектов бухгалтерского учета;Исправление ошибок допущенных при ведении учета;(О) Ведение налогового учета;Участие в проведении аудиторской проверки;Учет заработной платы;Итоговое обобщение фактов хозяйственной жизни;Контроль и проверка кассовой дисциплины;Начисление, расчет заработной платы, сдача отчетности по заработной плате;Начисление амортизации;Финансовое планирование;Ведение бухгалтерских счетов;Учет ГСМ;Знание плана и корреспонденции счетов;Отчетность в ФСС РФ;Знание налогового законодательства Республики Казахстан;Формирование и оформление актов сверок;Взаимодействие с налоговыми органами;Помощь главному бухгалтеру;расчеты с поставщиками;(О) Анализ финансово-хозяйственной деятельности;(О) Ведение и учет кассовых операций;Начисление отпускных и больничных;Отражение в бухгалтерском учете результатов переоценки объектов;Заключение договоров с контрагентами;Оформление и выдача справок;Удалить консультирование по заработной плате;Обработка и проведение первичной документации;Учет доходов и расходов организации;Обработка актов выполненных работ;Знание работы с платежными системами;Сверка с поставщиками;пользователь программы 1 С ЗУП
Бухгалтер;2,3;Ведение бухгалтерского и налогового учета ИП;Знание порядка ведения книги продаж/книги покупок;Перспективы карьерного роста;знание работы с компьютером;Контроль  всех участков учета;Составление авансовых отчетов;Составление отчетности по МСФО;(О) Составление и сдача налоговой отчетности;Ведение бухгалтерского учета имущества;Банковские операции;знание и ведение бухгалтерского учета и налогообложения ВЭД;Преимущества претендента на должность бухгалтер;Взаимодействие с ГВБФ РФ;контроль оплаты счетов;(О) Ведение управленческого учета;Ведение бухгалтерского и налогового учета;Подготовка документов для банка;Компьютерные программы для ведения бухгалтерского учета;Денежное измерение объектов бухгалтерского учета;Внедрять прогрессивные методы и формы бухгалтерского учета;Банк-клиент;Отчетность по НДС;Руководит формированием информационной системы бухгалтерского учета и отчетности;знание первичной бухгалтерской документации;Составление сводных учетных документов;Организация и постановка бухгалтерского учета;Подготовка документов для кредитования;знание законодательства Республики Беларусь;Начисление удержаний из Заработной платы;Взаимодействие с налоговыми органами;ведение и учет банковских операций;Оплата счетов;Формирование и ведение книги покупок /книги продаж;Знание налогового законодательства;Эквайринг;Знание бухгалтерского бюджетного учета;Организация бухгалтерского и налогового учета;Работа с онлайн кассами;Ведение деловой переписки с контрагентами;Управление финансовыми потоками.;Составление и сдача налоговых деклараций;Работа по запросам;Знание основных участков;Инвентаризация ТМЦ;Правила и нормы отражения различных объектов бухгалтерского учета;знание специфики ведения учета торговли;знание 1С торговля;Знание методов проведения финансового анализа;Контроль учета рабочего времени;Сверка данных бухгалтерского учета;Ревизии финансово-хозяйственной деятельности;Начисление ЖКУ;Сверка расчетов;Знание административного права;Анализ дебиторской и кредиторской задолженности;Контроль соблюдения изменений законодательства;умение вести деловую переписку, переговоры, коммуницировать;(О) Взаимодействие с контролирующими органами;Технологические калькуляционные карты;владение ПК;контроль формирования себестоимости;расчет больничных;знание таможенного законодательства;Виды платежей;Выявление недостач, принятие мер по предупреждению недостач, списание недостач со счетов бухгалтерского учета;Учет затрат;Составление бухгалтерского баланса;знание финансового законодательства;Знание бюджетного законодательства;Выполнение поручений;Удалить работать с большим объемом информации;Взаимодействие с финансово-кредитными организациями;контроль расчетов по заработной плате;контроль работы бухгалтерии;Учет расчетов с поставщиками;учет товарно-материальных ценностей;Учет расчетов по оплате труда;Отражение в бухгалтерском учете результатов переоценки объектов;Консультирование по вопросам бухгалтерского и налогового учета;Начисление отпускных и больничных;Обеспечивает своевременное и точное отражение на счетах бухгалтерского учета;Риски финансово-хозяйственной деятельности;Валютный контроль;Учет, контроль выручки/доход;Взаимодействие с ИФНС/ФНС;Оформление отпуска;(О) Взаимодействие с контрагентами;(О) Ведение и учет кассовых операций;Работа со счетами бухгалтерского учета;пользователь программы 1 С ЗУП;Оформление документов для контрагентов;Бизнес-процессы;Подготовка и помощь в подготовке документов;сверка с контрагентами;Учетная политика организации;Отслеживание изменений законодательства Республики Казахстан;(О) Контроль ведения бухгалтерского и налогового учета;Учет банковских ссуд;Возмещение НДС из бюджета;участие в автоматизации процессов учета;участие в инвентаризации;Методическая помощь;(О) Проведение инвентаризации;(О) Умение работать с большим объемом информации;Соблюдение финансовой дисциплины;Контроль соблюдения графика отпусков;(О) Архивирование  документов;контроль договоров;перечисление заработной платы;Расчеты с покупателями и заказчиками;Знание налогового учета;Учет расходов;проверка счетов бухгалтерского учета;Расчетный счет;Контроль оплаты;Знание правил проведения инвентаризаций;Участие в проведении аудиторской проверки;Отчетность в ФСС РФ;расчет отпускных;Работа с интернет-банкингом;Система налогообложения;Формирование отчетности по заработной плате;Работа со счетами-фактурами;Документы для проведения финансового анализа;контроль проведения инвентаризации;ведение кадрового учета;контроль финансово-хозяйственной деятельности;Расчет и начисление платежей;Ведение реестров договоров;Оформление вычетов по НДФЛ;1С Инструменты;Учет договоров;Проверка НДС/подтверждение 0 ставки по НДС;расчет себестоимости;Руководство  бухгалтерией;учет финансовых вложений;Профессиональные качества бухгалтера при работе с компьютером;Знание НДС;Умение работать/цифровые компетенции;Знание учета ТМЦ;расчеты с поставщиками;Учет ТМЦ;(О) Ведение бухгалтерского учета;Вносить изменения в нормативную базу;Материальная помощь;учет основных средств;Заключение договоров с контрагентами;Ведение синтетического и аналитического учета;Инвентаризация дебиторской и кредиторской задолженности;Представление бухгалтерской отчетности в уполномоченные органы;Умение анализировать;Учет дебиторской и кредиторской задолженности;Участие в налоговых проверках;Контроль правильности расчетов и начисления платежей;Взаимодействие с аудиторами;Учет доходов и расходов организации;Кадровый учет;Подготовка и сдача отчетности по НДФЛ;Знание трудового законодательства;Обеспечение данными для проведения инвентаризаций;Контроль за сохранностью документов;Учет доходов;Отчетность в Пенсионный фонд России;Итоговое обобщение фактов хозяйственной жизни;Сбор документов;ввод первичной документации в 1С;Умение работать с большим объемом документов;Разработка форм документов для внутренней отчетности;Проверка первичных учетных документов;Работа с поставщиками;контроль правильности оформления бухгалтерских документов;Финансово-хозяйственные операции;Обработка документации от поставщиков;Учет и списание дебиторской задолженности;Учет финансово-хозяйственной деятельности организации;Контроль формирования отчетности;Учет НДС;оформление первичной документации;Учет отпуска;контроль остатков;Оформление результатов инвентаризации;Контроль (общая тестовая папка);Работа с первичной документацией;Контроль и проверка кассовой дисциплины;знание законодательства кассовых операций;Знание программ 1С;знание законодательства по бухгалтерскому учету;Знание Банк-клиент;Знание налогового законодательства Республики Казахстан;знание валютного законодательства;Знание МСФО;Знание основ и теории бухгалтерского учета;Ведение бухгалтерского учета нескольких юридических лиц (организаций);Сверка с поставщиками;Перечисление налогов и страховых взносов;Проверка данных с использованием 1С;Взаимодействие с поставщиками;Учет расчетов с контрагентами;Знание всех участков бухгалтерского учета;знание бухгалтерской и налоговой отчетности;Контроль учета ТМЦ;Формирование первичной документации по учету ТМЦ;(О) Подготовка и сдача статистической отчетности;Организация и контроль за внутренним и внешним документооборотом;(О) Ведение кадрового делопроизводства;знание российского законодательства;Расчеты с подотчетными лицами;контроль наличия оригиналов документа;Компьютерные офисные программы;Осуществление удержаний из заработной платы;Удалить консультирование по заработной плате;Специальная подготовка по компьютерным программам;Оформление и выдача справок;Исправление ошибок допущенных при ведении учета;Осуществлять контроль;Контроль и анализ;Контроль уплаты налогов и страховых взносов;Оформление акта выполненных работ;Ведение реестра платежей;Помощь по бухгалтерскому учету;(О) Навыки работы с компьютерными программами;Знание кадрового делопроизводства;Отражение первичной документации;Систематизация первичной документации;Проверка документов;Подготовка документов для проведения налоговых проверок;Работа с договорами;Перечисление платежей;Знание работы с платежными системами;Оформление товарно-транспортных накладных;Работа с дебиторской и кредиторской задолженностью;Оформление товара;Работа с документами в ЭДО;Подготовка, формирование  и сдача отчетности в ИФНС/ФНС;проверка правильности ведения учета/синхронизации учетных данных в базе;Знание плана и корреспонденции счетов;начисление различных видов пособий;Работа с виртуальным складом;обеспечение сохранности ТМЦ;Замещение главного бухгалтера;Ведение и учет путевых листов;(О) Подготовка и сдача бухгалтерской отчетности;Составление оборотно-сальдовой ведомости;Выявление внутрихозяйственных резервов;Ведение регистров бухгалтерского учета;Учет издержек, сырья, готовой продукции;Разработка методических документов, методические документы по бюджетированию;Составление, анализ управленческой отчетности;(О) Управление персоналом;проверка правильности ведения учета/заполнения документов в строительной сфере;Работа с инкассацией;Документы бухгалтерского/налогового учета:накладные, акты;Работа с электронными ресурсами;Ведение работ по различным видам оперативного учета;Выявление источников образования потерь и непроизводительных расходов;Осуществление безналичных платежей;Работа с возвратами;Участие в тендерах;(О) Работа с документами (кроме первичных);(О) Заработная плата;(О) Платежи;Ведение участка взаиморасчетов и контроль взаиморасчетов;Подготовка справок по заработной плате;знание компьютерных офисных программ;расчет налогов, страховых взносов;Принятие к учету первичных учетных документов о фактах хозяйственной жизни экономического субъекта;(О) Взаимодействие с банками;Обработка и проведение первичной документации;Контроль соблюдения сроков;Знание правил оформления бухгалтерских документов;складской учет;Обеспечение контроля;(О) Автоматизация бухгалтерского учета;Контроль за учетом имущества и обязательств;Осуществление внутреннего контроля ведения бухгалтерского учет;Пользователь офисных компьютерных программ;Ведение реестра дебиторской и кредиторской задолженности;знание гражданского законодательства;Знание законодательства в сфере ЖКХ;Ведение реестра первичных документов;выставление счетов;Контроль денежных средств;Начисление амортизации;План счетов бухгалтерского учета финансово-хозяйственной деятельности организаций;Знание договоров;Справочно-правовые системы;Учет реализации товаров, работ, услуг;Учет движения денежных средств;Ведение лицевых счетов;ведение бухгалтерского учета в торговле;Обеспечение правильности оформления документов и отслеживание возврата;Прием платежей от клиентов;Справки- Ответы на запросы;расчет заработной платы;формирование платежных ведомостей;Знание законодательства пенсионной системы РФ;аккуратность при работе с документами;Умение применять нормативно-правовые акты;Учет заработной платы;Оформление и отражение в учете авансовых отчетов;Контроль учета и ведения реестра федерального имущества;Составление отчетных калькуляций, калькуляций себестоимости продукции (работ, услуг);Выставление первичных документов;Подготовка и оформление платежных поручений;Обработка актов выполненных работ;Учет расчетов по кредитам и займам;Ведение учета ТМЦ в 1С;Работа с банковскими выписками;(О) Работать с программой 1С;Работа с банковскими картами;Подготовка и ведение реестров;(О) Анализ финансово-хозяйственной деятельности;Подготовка и сдача бухгалтерской и налоговой отчетности;(О) Ведение налогового учета;Помощь главному бухгалтеру;работа со счетами;взаимодействие со структурными подразделениями организации;Работа с актами сверок;Методы и формы бухгалтерского учета;Финансирование капитальных вложений;Планирование графика платежей;(О) Ведение бухгалтерского учета в бюджетной сфере;Работа с банковскими счетами;Ведение бухгалтерских счетов;Оформление таможенных документов;Формирование и оформление актов сверок;(О) Работа кассиром;Знание нормативно-правовых актов;Предоставление бухгалтерской информации/документов/отчетности;Начисление по договорам;Оформление бухгалтерских документов;Составление актов сверок;оформление кадровых документов и приказов;Оформление зарплатных карт;Контроль движения ТМЦ;(О) Ведение первичной документации;Составление отчетности на основе первичной документации;Организация и ведение документооборота;Проведение платежей;(О) Валютные операции;Области знаний бухгалтера;Ведение бухгалтерского и налогового учета УСН;Учет ГСМ;Виды проверок бухгалтерских документов;Обработка первичной документации по заработной плате;Финансовое планирование;Проверка книги покупок/книги продаж;знание работы с кассовым аппаратом;Работа с электронным документооборотом;Начисление, расчет заработной платы, сдача отчетности по заработной плате;Контроль дебиторской и кредиторской задолженности;Учет финансовых результатов;Учет расчетов и платежей;Ведение бухгалтерского и налогового учета в строительной организации;Документальной оформление реализации товаров, работ, услуг;работа с кассовыми и банковскими документами
Бухгалтер;1;Ведение бухгалтерского и налогового учета ИП;Составление отчетности по МСФО;Формирование и ведение книги покупок /книги продаж;Контроль  всех участков учета;Ведение бухгалтерского учета имущества;Сверка данных бухгалтерского учета;знание работы с компьютером;Валютный контроль;Составление сводных учетных документов;Банковские операции;Взаимодействие с ГВБФ РФ;Знание порядка ведения книги продаж/книги покупок;Работа по запросам;ведение и учет банковских операций;Банк-клиент;(О) Ведение управленческого учета;Составление и сдача налоговых деклараций;расчет больничных;Взаимодействие с налоговыми органами;Учет расчетов по оплате труда;расчет налогов, страховых взносов;Знание бюджетного законодательства;Учет затрат;Денежное измерение объектов бухгалтерского учета;Ведение бухгалтерского и налогового учета;(О) Взаимодействие с контролирующими органами;Руководит формированием информационной системы бухгалтерского учета и отчетности;Перспективы карьерного роста;знание законодательства Республики Беларусь;Учет расчетов с контрагентами;расчет отпускных;учет товарно-материальных ценностей;контроль оплаты счетов;Подготовка документов для банка;Правила и нормы отражения различных объектов бухгалтерского учета;Оплата счетов;знание и ведение бухгалтерского учета и налогообложения ВЭД;Составление авансовых отчетов;Компьютерные программы для ведения бухгалтерского учета;Ведение участка взаиморасчетов и контроль взаиморасчетов;Отчетность в Пенсионный фонд России;(О) Ведение бухгалтерского учета в бюджетной сфере;Сбор документов;Составление бухгалтерского баланса;Отчетность по НДС;Инвентаризация ТМЦ;учет основных средств;Сверка расчетов;владение ПК;Работа со счетами бухгалтерского учета;(О) Автоматизация бухгалтерского учета;Знание кадрового делопроизводства;Учет договоров;контроль проведения инвентаризации;(О) Взаимодействие с контрагентами;Обеспечение правильности оформления документов и отслеживание возврата;знание финансового законодательства;Участие в проведении аудиторской проверки;Подготовка документов для кредитования;Организация и постановка бухгалтерского учета;Подготовка справок по заработной плате;Учет расходов;Контроль соблюдения графика отпусков;Консультирование по вопросам бухгалтерского и налогового учета;Управление финансовыми потоками.;Знание бухгалтерского бюджетного учета;Расчетный счет;Работа с договорами;Знание основных участков;Проверка НДС/подтверждение 0 ставки по НДС;Учет банковских ссуд;Обработка документации от поставщиков;формирование платежных ведомостей;Удалить работать с большим объемом информации;знание первичной бухгалтерской документации;Подготовка, формирование  и сдача отчетности в ИФНС/ФНС;Виды платежей;Работа с интернет-банкингом;Взаимодействие с поставщиками;Работа с банковскими выписками;ведение кадрового учета;Учет НДС;Контроль денежных средств;Ведение реестра дебиторской и кредиторской задолженности;Подготовка и оформление платежных поручений;Оформление товарно-транспортных накладных;(О) Умение работать с большим объемом информации;Специальная подготовка по компьютерным программам;знание законодательства по бухгалтерскому учету;Обработка первичной документации по заработной плате;Оформление товара;Умение работать с большим объемом документов;контроль расчетов по заработной плате;участие в инвентаризации;Ведение бухгалтерских счетов;ввод первичной документации в 1С;Знание плана и корреспонденции счетов;Эквайринг;перечисление заработной платы;Знание административного права;участие в автоматизации процессов учета;Технологические калькуляционные карты;Осуществлять контроль;Возмещение НДС из бюджета;Пользователь офисных компьютерных программ;Работа с банковскими счетами;Подготовка документов для проведения налоговых проверок;контроль формирования себестоимости;Учет, контроль выручки/доход;(О) Валютные операции;Ведение реестров договоров;(О) Проведение инвентаризации;Финансово-хозяйственные операции;(О) Составление и сдача налоговой отчетности;расчеты с поставщиками;начисление различных видов пособий;Оформление зарплатных карт;знание специфики ведения учета торговли;Контроль оплаты;знание таможенного законодательства;Знание законодательства пенсионной системы РФ;знание гражданского законодательства;Организация бухгалтерского и налогового учета;проверка счетов бухгалтерского учета;Предоставление бухгалтерской информации/документов/отчетности;Обеспечивает своевременное и точное отражение на счетах бухгалтерского учета;Оформление и отражение в учете авансовых отчетов;складской учет;Формирование отчетности по заработной плате;(О) Ведение кадрового делопроизводства;(О) Анализ финансово-хозяйственной деятельности;Начисление ЖКУ;Осуществление внутреннего контроля ведения бухгалтерского учет;Учет расчетов по кредитам и займам;Знание НДС;Контроль учета и ведения реестра федерального имущества;Знание договоров;сверка с контрагентами;Внедрять прогрессивные методы и формы бухгалтерского учета;Риски финансово-хозяйственной деятельности;Организация и контроль за внутренним и внешним документооборотом;Контроль уплаты налогов и страховых взносов;Соблюдение финансовой дисциплины;Анализ дебиторской и кредиторской задолженности;Контроль дебиторской и кредиторской задолженности;контроль работы бухгалтерии;контроль финансово-хозяйственной деятельности;Учет дебиторской и кредиторской задолженности;Проверка документов;Взаимодействие с финансово-кредитными организациями;(О) Подготовка и сдача статистической отчетности;расчет себестоимости;Оформление документов для контрагентов;Бизнес-процессы;Инвентаризация дебиторской и кредиторской задолженности;знание компьютерных офисных программ;Учет расчетов с поставщиками;Контроль соблюдения сроков;Отчетность в ФСС РФ;Составление актов сверок;Знание налогового законодательства;Контроль учета рабочего времени;Знание Банк-клиент;Знание основ и теории бухгалтерского учета;контроль наличия оригиналов документа;Знание налогового учета;Преимущества претендента на должность бухгалтер;Контроль (общая тестовая папка);Начисление амортизации;(О) Навыки работы с компьютерными программами;оформление первичной документации;Оформление таможенных документов;Ведение деловой переписки с контрагентами;Принятие к учету первичных учетных документов о фактах хозяйственной жизни экономического субъекта;Выполнение поручений;Работа со счетами-фактурами;расчет заработной платы;Представление бухгалтерской отчетности в уполномоченные органы;Знание всех участков бухгалтерского учета;Проведение платежей;Контроль движения ТМЦ;умение вести деловую переписку, переговоры, коммуницировать;Работа с первичной документацией;Проверка первичных учетных документов;(О) Архивирование  документов;знание законодательства кассовых операций;Знание программ 1С;1С Инструменты;Знание трудового законодательства;Знание налогового законодательства Республики Казахстан;(О) Ведение бухгалтерского учета;знание работы с кассовым аппаратом;Подготовка и сдача бухгалтерской и налоговой отчетности;Итоговое обобщение фактов хозяйственной жизни;Составление отчетных калькуляций, калькуляций себестоимости продукции (работ, услуг);Ведение синтетического и аналитического учета;Перечисление налогов и страховых взносов;Проверка данных с использованием 1С;(О) Работать с программой 1С;аккуратность при работе с документами;(О) Взаимодействие с банками;Взаимодействие с аудиторами;ведение бухгалтерского учета в торговле;Контроль за учетом имущества и обязательств;знание бухгалтерской и налоговой отчетности;Обеспечение данными для проведения инвентаризаций;Знание правил проведения инвентаризаций;знание российского законодательства;Расчеты с подотчетными лицами;Расчеты с покупателями и заказчиками;Профессиональные качества бухгалтера при работе с компьютером;работа со счетами;Оформление и выдача справок;Справки- Ответы на запросы;Контроль формирования отчетности;Обеспечение контроля;Работа с актами сверок;Обработка актов выполненных работ;Ведение реестра платежей;Ведение реестра первичных документов;Работа с банковскими картами;Знание методов проведения финансового анализа;Учет отпуска;Начисление отпускных и больничных;Учет финансовых результатов;Подготовка и помощь в подготовке документов;Кадровый учет;(О) Ведение первичной документации;Составление отчетности на основе первичной документации;Перечисление платежей;Прием платежей от клиентов;Умение работать/цифровые компетенции;Оформление бухгалтерских документов;Руководство  бухгалтерией;Оформление вычетов по НДФЛ;Виды проверок бухгалтерских документов;Система налогообложения;План счетов бухгалтерского учета финансово-хозяйственной деятельности организаций;Начисление удержаний из Заработной платы;взаимодействие со структурными подразделениями организации;Работа с виртуальным складом;обеспечение сохранности ТМЦ;Замещение главного бухгалтера;Ведение и учет путевых листов;(О) Подготовка и сдача бухгалтерской отчетности;Составление оборотно-сальдовой ведомости;Выявление внутрихозяйственных резервов;Ведение регистров бухгалтерского учета;Учет издержек, сырья, готовой продукции;Разработка методических документов, методические документы по бюджетированию;Составление, анализ управленческой отчетности;(О) Управление персоналом;проверка правильности ведения учета/заполнения документов в строительной сфере;Работа с инкассацией;Документы бухгалтерского/налогового учета:накладные, акты;Работа с электронными ресурсами;Ведение работ по различным видам оперативного учета;Выявление источников образования потерь и непроизводительных расходов;Осуществление безналичных платежей;Работа с возвратами;Участие в тендерах;(О) Работа с документами (кроме первичных);(О) Заработная плата;(О) Платежи;Оформление отпуска;Контроль соблюдения изменений законодательства;контроль правильности оформления бухгалтерских документов;Учет ГСМ;Учет финансово-хозяйственной деятельности организации;(О) Контроль ведения бухгалтерского и налогового учета;Оформление акта выполненных работ;Компьютерные офисные программы;знание 1С торговля;Начисление, расчет заработной платы, сдача отчетности по заработной плате;Методы и формы бухгалтерского учета;Начисление по договорам;Финансирование капитальных вложений;Знание правил оформления бухгалтерских документов;Планирование графика платежей;пользователь программы 1 С ЗУП;Методическая помощь;Умение применять нормативно-правовые акты;Учет заработной платы;Ведение бухгалтерского и налогового учета УСН;контроль остатков;Вносить изменения в нормативную базу;Отражение первичной документации;Организация и ведение документооборота;Знание учета ТМЦ;Учет реализации товаров, работ, услуг;Обработка и проведение первичной документации;Области знаний бухгалтера;Выявление недостач, принятие мер по предупреждению недостач, списание недостач со счетов бухгалтерского учета;Работа с поставщиками;Подготовка и сдача отчетности по НДФЛ;учет финансовых вложений;Учет движения денежных средств;Работа с дебиторской и кредиторской задолженностью;работа с кассовыми и банковскими документами;Систематизация первичной документации;Ведение бухгалтерского и налогового учета в строительной организации;Заключение договоров с контрагентами;(О) Ведение налогового учета;выставление счетов;Документы для проведения финансового анализа;Проверка книги покупок/книги продаж;Ревизии финансово-хозяйственной деятельности;Расчет и начисление платежей;Осуществление удержаний из заработной платы;Документальной оформление реализации товаров, работ, услуг;Материальная помощь;Контроль правильности расчетов и начисления платежей;Умение анализировать;Контроль и проверка кассовой дисциплины;Учет расчетов и платежей;Контроль и анализ;(О) Работа кассиром;Помощь по бухгалтерскому учету;оформление кадровых документов и приказов;Работа с документами в ЭДО;Формирование и оформление актов сверок;Оформление результатов инвентаризации;Участие в налоговых проверках;Контроль за сохранностью документов;Учет доходов и расходов организации;Формирование первичной документации по учету ТМЦ;Знание МСФО;Исправление ошибок допущенных при ведении учета;Отражение в бухгалтерском учете результатов переоценки объектов;Учет ТМЦ;Ведение учета ТМЦ в 1С;Удалить консультирование по заработной плате;Знание законодательства в сфере ЖКХ;Справочно-правовые системы;Взаимодействие с ИФНС/ФНС;знание валютного законодательства;проверка правильности ведения учета/синхронизации учетных данных в базе;Работа с онлайн кассами;(О) Ведение и учет кассовых операций;Контроль учета ТМЦ;Учет и списание дебиторской задолженности;Учет доходов;Подготовка и ведение реестров;Ведение бухгалтерского учета нескольких юридических лиц (организаций);Отслеживание изменений законодательства Республики Казахстан;Знание нормативно-правовых актов;Помощь главному бухгалтеру;контроль договоров;Работа с электронным документооборотом;Ведение лицевых счетов;Учетная политика организации;Разработка форм документов для внутренней отчетности;Знание работы с платежными системами;Финансовое планирование;Выставление первичных документов;Сверка с поставщиками
Специалист по персоналу;2,3;Организация и оплата труда персонала (СУП);Взаимодействие с другими подразделениями (КДКСУП);Оценка соответствия кандидата (ППКСУП);Поиск персонала (ППКСУП);Исполнение поручений руководителя (СУП);Выявление потребности в персонале (ППКСУП);Сопровождение кандидата при трудоустройстве (ППКСУП);Кадровое делопроизводство (СУП);Построение профиля кандидата (ППКСУП);Подбор персонала (ППКСУП);Вопросы охраны труда (КДКСУП);Развитие персонала (СУП);Ведение графика работ, табелей учета рабочего времени (КДКСУП);Знания в области оценки и аттестации персонала (СУП);Ведение трудовых книжек (КДКСУП);Ведение шатного расписания (КДКСУП);Собеседование кандидата с руководителем (ППКСУП);Документооборот (СУП);Отчетность по поиску и подбору (ППКСУП);Оценка и аттестация персонала (СУП);Знание ТК РФ (КДЗСУП);Интерьвью/собеседование с кандидатом (ППКСУП);Оформление документов на награды (КДКСУП);Знание КДП (КДЗСУП);Разное (КДЗСУП);Разработка ЛНА, должностных инструкций (КДКСУП);Знания в области поиска и подбора персонала (СУП);Знания в области развития персонала (СУП);Знания в области организации и оплата труда персонала (СУП);Знания в области УП (СУП);Знание нормативных документов (КДЗСУП);Оформление приказов, трудовых договоров, договоров ГПХ (КДКСУП);Подготовка и выдача справок, копий документов, консультирование сотрудников (КДКСУП);Ведение воинского учета (КДКСУП);Адаптация новых сотрудников (ППКСУП);Знание 1С (ЦКИСУП);Анализ эффективности поиска и подбора (ППКСУП);Цифровые компетенции и инструменты (СУП);Оформление приема, перевода,  увольнения (КДКСУП);Знание миграционного законодательства (КДЗСУП);Обеспечение корпоративной и социальной политики (СУП);Оформление отпусков, больничных, командировок (КДКСУП);Организация архивного хранения (КДКСУП);Поиск и подбор персонала (СУП);Миграционный учет иностранных граждан (КДКСУП);Кадровая отчетность, в т.ч. в СФР, ЦЗН и другие госорганы (КДКСУП);Ведение кадрового электронного документооборота и кадрового делопроизводства (КДКСУП);Ведение и учет личных дел, карточек Т-2 (КДКСУП);Знание другого ПО (ЦКИСУП);Компетенции УП (СУП);Анализ резюме (ППКСУП);Выполнение ЛНА (СУП);Общая отчетность (СУП);;;;;;;;;;;;;;;;;;;;;;;;;;;;;;;;;;;;;;;;;;;;;;;;;;;;;;;;;;;;;;;;;;;;;;;;;;;;;;;;;;;;;;;;;;;;;;;;;;;;;;;;;;;;;;;;;;;;;;;;;;;;;;;;;;;;;;;;;;;;;;;;;;;;;;;;;;;;;;;;;;;;;;;;;;;;;;;;;;;;;;;;;;;;;;;;;;;;;;;;;;;;;;;;;;;;;;;;;;;;;;;;;;;;;;;;;;;;;;;;;;;;;;;;;;;;;;;;;;;;;;;;;;;;;;;;;;;;;;;;;;;;;;;;;;;;;;;;;;;;;;;
Специалист по персоналу;0;Исполнение поручений руководителя (СУП);Взаимодействие с другими подразделениями (КДКСУП);Ведение графика работ, табелей учета рабочего времени (КДКСУП);Знание нормативных документов (КДЗСУП);Знания в области организации и оплата труда персонала (СУП);Знание 1С (ЦКИСУП);Организация архивного хранения (КДКСУП);Знание ТК РФ (КДЗСУП);Оценка соответствия кандидата (ППКСУП);Обеспечение корпоративной и социальной политики (СУП);Отчетность по поиску и подбору (ППКСУП);Организация и оплата труда персонала (СУП);Знание КДП (КДЗСУП);Оформление документов на награды (КДКСУП);Знания в области оценки и аттестации персонала (СУП);Ведение воинского учета (КДКСУП);Разработка ЛНА, должностных инструкций (КДКСУП);Знания в области УП (СУП);Построение профиля кандидата (ППКСУП);Поиск персонала (ППКСУП);Оформление приказов, трудовых договоров, договоров ГПХ (КДКСУП);Адаптация новых сотрудников (ППКСУП);Оценка и аттестация персонала (СУП);Подбор персонала (ППКСУП);Знания в области поиска и подбора персонала (СУП);Кадровое делопроизводство (СУП);Знания в области развития персонала (СУП);Ведение шатного расписания (КДКСУП);Выполнение ЛНА (СУП);Выявление потребности в персонале (ППКСУП);Оформление отпусков, больничных, командировок (КДКСУП);Знание миграционного законодательства (КДЗСУП);Оформление приема, перевода,  увольнения (КДКСУП);Анализ резюме (ППКСУП);Документооборот (СУП);Миграционный учет иностранных граждан (КДКСУП);Ведение трудовых книжек (КДКСУП);Цифровые компетенции и инструменты (СУП);Поиск и подбор персонала (СУП);Ведение и учет личных дел, карточек Т-2 (КДКСУП);Кадровая отчетность, в т.ч. в СФР, ЦЗН и другие госорганы (КДКСУП);Разное (КДЗСУП);Вопросы охраны труда (КДКСУП);Развитие персонала (СУП);Ведение кадрового электронного документооборота и кадрового делопроизводства (КДКСУП);Интерьвью/собеседование с кандидатом (ППКСУП);Подготовка и выдача справок, копий документов, консультирование сотрудников (КДКСУП);Знание другого ПО (ЦКИСУП);Компетенции УП (СУП);Анализ эффективности поиска и подбора (ППКСУП);Сопровождение кандидата при трудоустройстве (ППКСУП);Собеседование кандидата с руководителем (ППКСУП);Общая отчетность (СУП);;;;;;;;;;;;;;;;;;;;;;;;;;;;;;;;;;;;;;;;;;;;;;;;;;;;;;;;;;;;;;;;;;;;;;;;;;;;;;;;;;;;;;;;;;;;;;;;;;;;;;;;;;;;;;;;;;;;;;;;;;;;;;;;;;;;;;;;;;;;;;;;;;;;;;;;;;;;;;;;;;;;;;;;;;;;;;;;;;;;;;;;;;;;;;;;;;;;;;;;;;;;;;;;;;;;;;;;;;;;;;;;;;;;;;;;;;;;;;;;;;;;;;;;;;;;;;;;;;;;;;;;;;;;;;;;;;;;;;;;;;;;;;;;;;;;;;;;;;;;;;;
Специалист по персоналу;1;Исполнение поручений руководителя (СУП);Знание 1С (ЦКИСУП);Сопровождение кандидата при трудоустройстве (ППКСУП);Выявление потребности в персонале (ППКСУП);Знания в области оценки и аттестации персонала (СУП);Взаимодействие с другими подразделениями (КДКСУП);Отчетность по поиску и подбору (ППКСУП);Подбор персонала (ППКСУП);Развитие персонала (СУП);Знание КДП (КДЗСУП);Ведение графика работ, табелей учета рабочего времени (КДКСУП);Организация и оплата труда персонала (СУП);Интерьвью/собеседование с кандидатом (ППКСУП);Знания в области организации и оплата труда персонала (СУП);Знание миграционного законодательства (КДЗСУП);Знание нормативных документов (КДЗСУП);Цифровые компетенции и инструменты (СУП);Анализ резюме (ППКСУП);Собеседование кандидата с руководителем (ППКСУП);Знания в области развития персонала (СУП);Знания в области УП (СУП);Построение профиля кандидата (ППКСУП);Поиск персонала (ППКСУП);Оформление приказов, трудовых договоров, договоров ГПХ (КДКСУП);Ведение воинского учета (КДКСУП);Адаптация новых сотрудников (ППКСУП);Обеспечение корпоративной и социальной политики (СУП);Оценка соответствия кандидата (ППКСУП);Знания в области поиска и подбора персонала (СУП);Миграционный учет иностранных граждан (КДКСУП);Ведение трудовых книжек (КДКСУП);Документооборот (СУП);Оценка и аттестация персонала (СУП);Организация архивного хранения (КДКСУП);Ведение шатного расписания (КДКСУП);Вопросы охраны труда (КДКСУП);Знание ТК РФ (КДЗСУП);Кадровое делопроизводство (СУП);Общая отчетность (СУП);Поиск и подбор персонала (СУП);Оформление отпусков, больничных, командировок (КДКСУП);Оформление приема, перевода,  увольнения (КДКСУП);Кадровая отчетность, в т.ч. в СФР, ЦЗН и другие госорганы (КДКСУП);Ведение кадрового электронного документооборота и кадрового делопроизводства (КДКСУП);Разработка ЛНА, должностных инструкций (КДКСУП);Разное (КДЗСУП);Оформление документов на награды (КДКСУП);Выполнение ЛНА (СУП);Подготовка и выдача справок, копий документов, консультирование сотрудников (КДКСУП);Знание другого ПО (ЦКИСУП);Компетенции УП (СУП);Ведение и учет личных дел, карточек Т-2 (КДКСУП);Анализ эффективности поиска и подбора (ППКСУП);;;;;;;;;;;;;;;;;;;;;;;;;;;;;;;;;;;;;;;;;;;;;;;;;;;;;;;;;;;;;;;;;;;;;;;;;;;;;;;;;;;;;;;;;;;;;;;;;;;;;;;;;;;;;;;;;;;;;;;;;;;;;;;;;;;;;;;;;;;;;;;;;;;;;;;;;;;;;;;;;;;;;;;;;;;;;;;;;;;;;;;;;;;;;;;;;;;;;;;;;;;;;;;;;;;;;;;;;;;;;;;;;;;;;;;;;;;;;;;;;;;;;;;;;;;;;;;;;;;;;;;;;;;;;;;;;;;;;;;;;;;;;;;;;;;;;;;;;;;;;;;